valid_time,latitude,longitude,tp,u10,v10,t2m,slt,swvl1,swvl2,swvl3,swvl4,lai_hv,lai_lv,site_id
2003-01-01,51.80342,-0.372683,0.0022201538,2.2657242,-0.03958893,277.57568,4.0,0.43894106,0.44265646,0.45859897,0.45013428,2.173706,2.1306152,site_1
2003-02-01,51.80342,-0.372683,0.0012130737,-0.42180157,0.9159298,277.13452,4.0,0.43243802,0.4376378,0.44313395,0.45280457,2.0916748,1.9171143,site_1
2003-03-01,51.80342,-0.372683,0.0006542206,-0.014662743,0.8241329,280.6504,4.0,0.39249837,0.40266436,0.4188249,0.45011902,2.131836,2.0184326,site_1
2003-04-01,51.80342,-0.372683,0.0009880066,-0.86975956,0.10528469,282.6438,4.0,0.31040156,0.307957,0.36023206,0.4423828,2.253296,2.3707275,site_1
2003-05-01,51.80342,-0.372683,0.0017776489,2.2604952,2.0866308,285.56836,4.0,0.35082358,0.3138858,0.33896226,0.4320221,2.3829346,2.7816162,site_1
2003-06-01,51.80342,-0.372683,0.0032348633,0.8693609,1.4062042,289.68066,4.0,0.37115675,0.3507033,0.32499892,0.42297363,2.3898926,2.7867432,site_1
2003-07-01,51.80342,-0.372683,0.002275467,1.4848785,1.3186903,291.00952,4.0,0.3515827,0.3300925,0.31445175,0.41435242,2.2663574,2.3173828,site_1
2003-08-01,51.80342,-0.372683,0.00045585632,-0.1494379,-0.62217903,292.2119,4.0,0.2802577,0.30776727,0.30135083,0.40585327,2.1921387,2.0488281,site_1
2003-09-01,51.80342,-0.372683,0.0005455017,0.63464546,0.57493305,287.91284,4.0,0.27073348,0.26275748,0.2986728,0.39924622,2.1564941,1.9645996,site_1
2003-10-01,51.80342,-0.372683,0.0011634827,-0.11065483,-1.3822308,282.43872,4.0,0.31124395,0.27337533,0.3030278,0.39445496,2.1420898,1.9381104,site_1
2003-11-01,51.80342,-0.372683,0.0035533905,0.8131046,1.7876129,281.65552,4.0,0.41758043,0.3984216,0.32631403,0.3910675,2.171875,2.0766602,site_1
2003-12-01,51.80342,-0.372683,0.001745224,1.0103769,0.22315693,278.44165,4.0,0.4450587,0.44658726,0.42279,0.39231873,2.184204,2.1381836,site_1
2004-01-01,51.80342,-0.372683,0.002714157,3.0381336,1.0195732,278.52344,4.0,0.45487565,0.45807672,0.45241797,0.40686035,2.173706,2.1306152,site_1
2004-02-01,51.80342,-0.372683,0.0011024475,1.8294792,-0.8872738,278.56226,4.0,0.43394232,0.4380142,0.4491228,0.4255829,2.0916748,1.916748,site_1
2004-03-01,51.80342,-0.372683,0.0015525818,1.10046,0.5630293,279.5193,4.0,0.429322,0.4281503,0.43426526,0.43074036,2.131958,2.0187988,site_1
2004-04-01,51.80342,-0.372683,0.0027637482,0.6809473,0.41062546,282.60474,4.0,0.43365723,0.43349606,0.4292531,0.43041992,2.253296,2.3707275,site_1
2004-05-01,51.80342,-0.372683,0.0018386841,0.44131088,-0.6106787,285.5227,4.0,0.4086725,0.4133954,0.43199605,0.431015,2.3829346,2.7816162,site_1
2004-06-01,51.80342,-0.372683,0.00157547,2.6602201,0.3027687,289.14917,4.0,0.33455765,0.32926792,0.37662846,0.42765808,2.3898926,2.7867432,site_1
2004-07-01,51.80342,-0.372683,0.002243042,1.7205591,0.4126253,289.56567,4.0,0.38517535,0.37547374,0.35404783,0.42112732,2.2663574,2.3173828,site_1
2004-08-01,51.80342,-0.372683,0.004131317,0.9927912,1.4421597,291.00098,4.0,0.3949737,0.38718367,0.33164865,0.41435242,2.1921387,2.0488281,site_1
2004-09-01,51.80342,-0.372683,0.0010795593,2.1935387,0.9512024,288.2661,4.0,0.356951,0.34708625,0.32658643,0.40881348,2.1564941,1.9645996,site_1
2004-10-01,51.80342,-0.372683,0.0021018982,0.6081753,2.2361012,284.09155,4.0,0.4110614,0.3905596,0.32334775,0.39970398,2.1420898,1.9381104,site_1
2004-11-01,51.80342,-0.372683,0.0014781952,1.766366,-0.5878391,280.9143,4.0,0.42228335,0.4169882,0.35794842,0.39730835,2.171875,2.0766602,site_1
2004-12-01,51.80342,-0.372683,0.0010242462,2.2037992,0.680563,278.5332,4.0,0.42124027,0.41984195,0.38825274,0.3965912,2.184204,2.1381836,site_1
2005-01-01,51.80342,-0.372683,0.0008983612,3.3724546,0.6972027,279.1836,4.0,0.4239056,0.4216532,0.40676743,0.39701843,2.173706,2.1306152,site_1
2005-02-01,51.80342,-0.372683,0.0010681152,1.1394901,-1.7945871,277.1455,4.0,0.42350864,0.42206883,0.41164136,0.39831543,2.0916748,1.9171143,site_1
2005-03-01,51.80342,-0.372683,0.0015678406,0.8686905,-0.28404617,280.10718,4.0,0.4123162,0.40923452,0.40978718,0.39953613,2.131836,2.0184326,site_1
2005-04-01,51.80342,-0.372683,0.0021572113,0.76831627,0.9731159,282.3689,4.0,0.433577,0.42968148,0.40659314,0.3995819,2.253296,2.3707275,site_1
2005-05-01,51.80342,-0.372683,0.0012054443,1.123518,0.56072235,284.87158,4.0,0.37536877,0.37545282,0.3915617,0.39891052,2.3829346,2.7816162,site_1
2005-06-01,51.80342,-0.372683,0.0022659302,0.7448797,0.48194218,289.3003,4.0,0.3238821,0.30717093,0.34852278,0.39567566,2.3898926,2.7867432,site_1
2005-07-01,51.80342,-0.372683,0.0024719238,1.200613,-0.35122204,290.12842,4.0,0.35707617,0.34915274,0.32469732,0.39082336,2.2663574,2.3173828,site_1
2005-08-01,51.80342,-0.372683,0.0018539429,1.650217,-0.33087158,289.6848,4.0,0.38821197,0.3776372,0.31949574,0.3866577,2.1921387,2.0488281,site_1
2005-09-01,51.80342,-0.372683,0.001991272,1.1486387,0.82159615,288.69995,4.0,0.38269007,0.3620696,0.30679208,0.3828888,2.1564941,1.9645996,site_1
2005-10-01,51.80342,-0.372683,0.0019798279,0.063381195,1.9795847,286.56738,4.0,0.4125179,0.40173298,0.33492815,0.3814087,2.1420898,1.9381104,site_1
2005-11-01,51.80342,-0.372683,0.0010814667,2.3656178,0.56185436,279.33447,4.0,0.42108542,0.41975433,0.3831843,0.38078308,2.171875,2.0766602,site_1
2005-12-01,51.80342,-0.372683,0.00096416473,1.6309729,-0.06509209,277.64722,4.0,0.42353684,0.41905695,0.39732516,0.38153076,2.184204,2.1381836,site_1
2006-01-01,51.80342,-0.372683,0.0006580353,-0.2775612,0.015961647,277.5315,4.0,0.4251793,0.4250329,0.40748405,0.3834381,2.173706,2.1306152,site_1
2006-02-01,51.80342,-0.372683,0.0016555786,0.700593,-1.2516842,276.86548,4.0,0.42964345,0.43026537,0.42008537,0.38671875,2.0916748,1.9171143,site_1
2006-03-01,51.80342,-0.372683,0.0017528534,0.5832548,0.8258085,277.93433,4.0,0.43137336,0.4315312,0.42989594,0.3934784,2.131836,2.0184326,site_1
2006-04-01,51.80342,-0.372683,0.0013656616,2.1455564,0.10374069,281.90967,4.0,0.41965884,0.41950637,0.41907263,0.39805603,2.253296,2.3707275,site_1
2006-05-01,51.80342,-0.372683,0.003528595,1.722271,1.1215343,285.7129,4.0,0.42824912,0.42106724,0.4007042,0.39834595,2.3829346,2.7816162,site_1
2006-06-01,51.80342,-0.372683,0.0010948181,0.053913116,0.36074066,289.84717,4.0,0.34009117,0.3449608,0.38251758,0.3973236,2.3898926,2.7867432,site_1
2006-07-01,51.80342,-0.372683,0.0023441315,0.09329128,0.7986059,293.6316,4.0,0.3069226,0.2689299,0.3143106,0.39193726,2.2663574,2.3173828,site_1
2006-08-01,51.80342,-0.372683,0.0026187897,2.417923,-1.0302877,289.5984,4.0,0.3688708,0.33084565,0.2973339,0.38586426,2.1921387,2.0488281,site_1
2006-09-01,51.80342,-0.372683,0.001701355,0.90864563,1.6800652,290.39307,4.0,0.356874,0.34105176,0.299572,0.38180542,2.1564941,1.9645996,site_1
2006-10-01,51.80342,-0.372683,0.0019111633,1.1644135,2.2099314,286.5559,4.0,0.42013305,0.40688705,0.31633228,0.3784027,2.1420898,1.9381104,site_1
2006-11-01,51.80342,-0.372683,0.0023651123,2.5883493,2.4801083,281.53223,4.0,0.43113673,0.42657012,0.36689025,0.3774414,2.171875,2.0766602,site_1
2006-12-01,51.80342,-0.372683,0.0017719269,2.581071,2.7408943,279.87476,4.0,0.44400233,0.4454469,0.4314754,0.38250732,2.184204,2.1381836,site_1
2007-01-01,51.80342,-0.372683,0.001991272,4.376295,1.6802063,280.35962,4.0,0.44408768,0.44921678,0.44615668,0.39613342,2.173706,2.1306152,site_1
2007-02-01,51.80342,-0.372683,0.0027570724,1.0390368,1.3628511,279.30908,4.0,0.4444062,0.44593555,0.44705725,0.41085815,2.0916748,1.9171143,site_1
2007-03-01,51.80342,-0.372683,0.0015201569,1.717288,-0.5737934,280.40063,4.0,0.4194244,0.42519343,0.4487391,0.42974854,2.131836,2.0184326,site_1
2007-04-01,51.80342,-0.372683,0.00019454956,-0.6515789,-1.4672871,284.77124,4.0,0.31074327,0.3362124,0.39398378,0.43086243,2.253296,2.3707275,site_1
2007-05-01,51.80342,-0.372683,0.0041599274,1.2802095,0.037218094,285.4995,4.0,0.3836202,0.37238383,0.36849838,0.42462158,2.3829346,2.7816162,site_1
2007-06-01,51.80342,-0.372683,0.0039596558,0.48531246,0.6161976,288.55127,4.0,0.42952406,0.42635036,0.38955742,0.42004395,2.3898926,2.7867432,site_1
2007-07-01,51.80342,-0.372683,0.0035762787,2.6992798,1.4876499,289.04956,4.0,0.435457,0.4357596,0.42164022,0.41809082,2.2663574,2.3173828,site_1
2007-08-01,51.80342,-0.372683,0.0011081696,1.4602041,-0.533206,289.30737,4.0,0.35976243,0.36182553,0.39513314,0.416687,2.1921387,2.0488281,site_1
2007-09-01,51.80342,-0.372683,0.0008163452,1.9633636,-0.66588974,287.52026,4.0,0.31477982,0.31822228,0.36037987,0.41305542,2.1564941,1.9645996,site_1
2007-10-01,51.80342,-0.372683,0.0016460419,0.04785061,-0.06170273,284.0432,4.0,0.40309566,0.39162797,0.3648069,0.40956116,2.1420898,1.9381104,site_1
2007-11-01,51.80342,-0.372683,0.0014076233,2.0961409,-0.24734211,280.50488,4.0,0.40821648,0.40287566,0.3783788,0.40779114,2.171875,2.0766602,site_1
2007-12-01,51.80342,-0.372683,0.0013246536,1.9735098,1.37533,278.44385,4.0,0.44134086,0.44286966,0.4231006,0.40873718,2.184204,2.1381836,site_1
2008-01-01,51.80342,-0.372683,0.0023708344,3.2161875,3.21486,280.1455,4.0,0.4451654,0.44942564,0.4511649,0.42193604,2.173706,2.1306152,site_1
2008-02-01,51.80342,-0.372683,0.00063323975,1.1853304,1.6755133,278.60254,4.0,0.4174018,0.42179656,0.44030023,0.43510437,2.0916748,1.916748,site_1
2008-03-01,51.80342,-0.372683,0.002822876,3.0737543,0.04981613,279.44238,4.0,0.43258327,0.43141925,0.4288079,0.43533325,2.131958,2.0187988,site_1
2008-04-01,51.80342,-0.372683,0.0021715164,0.6164837,0.30646133,281.4419,4.0,0.43366122,0.4316677,0.43388623,0.43611145,2.253296,2.3707275,site_1
2008-05-01,51.80342,-0.372683,0.002500534,-2.4751215,-1.0999508,286.88696,4.0,0.3832733,0.38353932,0.39733595,0.43315125,2.3829346,2.7816162,site_1
2008-06-01,51.80342,-0.372683,0.0015659332,2.2029295,0.42331886,288.2444,4.0,0.3791502,0.38493317,0.38100135,0.42800903,2.3898926,2.7867432,site_1
2008-07-01,51.80342,-0.372683,0.0025596619,1.7405853,1.5039053,290.18506,4.0,0.35254353,0.33888727,0.34288353,0.42123413,2.2663574,2.3173828,site_1
2008-08-01,51.80342,-0.372683,0.0026245117,2.6050577,2.5397024,289.70483,4.0,0.40286458,0.37743282,0.3269369,0.41438293,2.1921387,2.0488281,site_1
2008-09-01,51.80342,-0.372683,0.0021209717,0.4658966,0.84540844,286.62598,4.0,0.4084813,0.4056974,0.360353,0.40994263,2.1564941,1.9645996,site_1
2008-10-01,51.80342,-0.372683,0.0016307831,2.5189362,1.5432663,282.91772,4.0,0.4107719,0.4031281,0.37444144,0.4073944,2.1420898,1.9381104,site_1
2008-11-01,51.80342,-0.372683,0.002231598,1.9520216,-0.58162403,280.55127,4.0,0.44996333,0.44855452,0.42224646,0.4083557,2.171875,2.0766602,site_1
2008-12-01,51.80342,-0.372683,0.0011672974,1.1148548,-0.2801628,277.0935,4.0,0.44094217,0.44615585,0.44946146,0.41989136,2.184204,2.1381836,site_1
2009-01-01,51.80342,-0.372683,0.001750946,0.4540987,2.0938635,275.93628,4.0,0.43631333,0.43820632,0.44446605,0.43011475,2.173706,2.1306152,site_1
2009-02-01,51.80342,-0.372683,0.0024700165,1.1591616,-1.0405769,277.23926,4.0,0.43955368,0.44350892,0.45786035,0.4427185,2.0916748,1.9171143,site_1
2009-03-01,51.80342,-0.372683,0.0011692047,2.617114,0.10369778,280.11328,4.0,0.41849607,0.42066574,0.43467492,0.4476776,2.131836,2.0184326,site_1
2009-04-01,51.80342,-0.372683,0.0014801025,-0.5224085,0.74718475,283.4961,4.0,0.39782113,0.39496315,0.39932817,0.4434662,2.253296,2.3707275,site_1
2009-05-01,51.80342,-0.372683,0.0015029907,1.1904554,1.0158644,285.9768,4.0,0.3533756,0.3408472,0.3570782,0.4358368,2.3829346,2.7816162,site_1
2009-06-01,51.80342,-0.372683,0.0022125244,-0.32340145,-0.48353577,288.51514,4.0,0.34818006,0.32343817,0.3138979,0.4259491,2.3898926,2.7867432,site_1
2009-07-01,51.80342,-0.372683,0.0031108856,2.5224686,2.267972,289.76392,4.0,0.37185514,0.33832574,0.30904812,0.4162445,2.2663574,2.3173828,site_1
2009-08-01,51.80342,-0.372683,0.0012016296,2.0839434,1.9842415,290.53833,4.0,0.36163312,0.366422,0.32048935,0.40953064,2.1921387,2.0488281,site_1
2009-09-01,51.80342,-0.372683,0.0006942749,1.0696049,-0.9397974,287.979,4.0,0.2979573,0.29195553,0.3055876,0.4037323,2.1564941,1.9645996,site_1
2009-10-01,51.80342,-0.372683,0.0010871887,0.8318882,0.7814846,284.7566,4.0,0.3380285,0.31226885,0.30831677,0.3989563,2.1420898,1.9381104,site_1
2009-11-01,51.80342,-0.372683,0.0032997131,2.6186047,3.315795,282.1997,4.0,0.43507946,0.4162466,0.34056538,0.39585876,2.171875,2.0766602,site_1
2009-12-01,51.80342,-0.372683,0.0023670197,0.856287,0.26456547,276.63867,4.0,0.4479974,0.44606316,0.41310304,0.39631653,2.184204,2.1381836,site_1
2010-01-01,51.80342,-0.372683,0.0015926361,0.24382687,-0.7887554,274.7246,4.0,0.4420157,0.44467086,0.44043595,0.39698792,2.173706,2.1306152,site_1
2010-02-01,51.80342,-0.372683,0.0029277802,0.23560047,-0.51955605,276.23608,4.0,0.4527442,0.45444894,0.44750613,0.40914917,2.0916748,1.9171143,site_1
2010-03-01,51.80342,-0.372683,0.001449585,0.7131529,0.6390486,279.38208,4.0,0.42339236,0.42355293,0.44449973,0.42762756,2.131836,2.0184326,site_1
2010-04-01,51.80342,-0.372683,0.0008087158,0.28203297,0.0082798,282.4641,4.0,0.3737297,0.38831973,0.4204653,0.4296112,2.253296,2.3707275,site_1
2010-05-01,51.80342,-0.372683,0.0015773773,-0.1300869,-1.334753,284.32446,4.0,0.33514535,0.31868112,0.3543582,0.42503357,2.3829346,2.7816162,site_1
2010-06-01,51.80342,-0.372683,0.0012893677,-0.11299896,-0.8115225,289.18335,4.0,0.31776172,0.2930141,0.31661624,0.41671753,2.3898926,2.7867432,site_1
2010-07-01,51.80342,-0.372683,0.0011672974,2.1879196,1.6144934,291.5808,4.0,0.28644753,0.26899868,0.30956495,0.40751648,2.2663574,2.3173828,site_1
2010-08-01,51.80342,-0.372683,0.004058838,2.2359438,-0.11996651,289.10815,4.0,0.38498563,0.34119272,0.3151251,0.40097046,2.1921387,2.0488281,site_1
2010-09-01,51.80342,-0.372683,0.0015850067,1.4147921,0.45244884,287.0266,4.0,0.39237648,0.3815061,0.3406223,0.39720154,2.1564941,1.9645996,site_1
2010-10-01,51.80342,-0.372683,0.0023345947,0.56841373,0.31880188,283.72632,4.0,0.42882133,0.4253521,0.3855515,0.39544678,2.1420898,1.9381104,site_1
2010-11-01,51.80342,-0.372683,0.0017433167,1.0218029,-0.27727127,278.69336,4.0,0.43726814,0.43859965,0.4195181,0.3965454,2.171875,2.0766602,site_1
2010-12-01,51.80342,-0.372683,0.0010604858,0.32468987,-1.6598101,273.49097,4.0,0.4274755,0.42782974,0.42641634,0.4020996,2.184204,2.1381836,site_1
2011-01-01,51.80342,-0.372683,0.0022716522,1.0774956,-0.029284477,277.5088,4.0,0.4475072,0.45136362,0.4489457,0.41215515,2.173706,2.1306152,site_1
2011-02-01,51.80342,-0.372683,0.001657486,1.523406,2.3214455,279.7102,4.0,0.43442512,0.43559617,0.44287652,0.42738342,2.0916748,1.9171143,site_1
2011-03-01,51.80342,-0.372683,0.00036907196,-0.3222885,-0.05727291,279.84082,4.0,0.40165347,0.40941727,0.43437964,0.4317932,2.131836,2.0184326,site_1
2011-04-01,51.80342,-0.372683,0.00029563904,0.06681061,-0.3282261,285.45142,4.0,0.3018117,0.3213147,0.37686574,0.4295044,2.253296,2.3707275,site_1
2011-05-01,51.80342,-0.372683,0.000749588,1.9468431,1.4186459,286.15283,4.0,0.27772903,0.26614326,0.3279168,0.4207306,2.3829346,2.7816162,site_1
2011-06-01,51.80342,-0.372683,0.0025291443,1.7587786,0.8497534,287.91602,4.0,0.3551011,0.30465734,0.32364076,0.41275024,2.3898926,2.7867432,site_1
2011-07-01,51.80342,-0.372683,0.0017986298,0.94629097,0.015144348,288.8474,4.0,0.3383512,0.30887908,0.31057608,0.40579224,2.2663574,2.3173828,site_1
2011-08-01,51.80342,-0.372683,0.002521515,1.8756008,0.8283138,289.2329,4.0,0.35830134,0.32566077,0.29661447,0.39938354,2.1921387,2.0488281,site_1
2011-09-01,51.80342,-0.372683,0.001083374,2.3247814,2.6470337,288.58057,4.0,0.37739754,0.3697768,0.30888355,0.39474487,2.1564941,1.9645996,site_1
2011-10-01,51.80342,-0.372683,0.0008506775,2.0724974,2.0344114,286.01392,4.0,0.32435066,0.30375308,0.28991258,0.3905182,2.1420898,1.9381104,site_1
2011-11-01,51.80342,-0.372683,0.0009174347,-0.33699417,1.8197451,282.8069,4.0,0.37469286,0.35907072,0.3085971,0.3872528,2.171875,2.0766602,site_1
2011-12-01,51.80342,-0.372683,0.0020713806,4.528721,1.554965,279.30127,4.0,0.419855,0.40390676,0.33275396,0.3852539,2.184204,2.1381836,site_1
2012-01-01,51.80342,-0.372683,0.00141716,3.0890417,0.5095415,278.84204,4.0,0.42729378,0.4245476,0.38121182,0.38458252,2.173706,2.1306152,site_1
2012-02-01,51.80342,-0.372683,0.0007801056,1.5750704,-0.48022556,276.92896,4.0,0.41443682,0.41450107,0.3997298,0.3848877,2.0916748,1.916748,site_1
2012-03-01,51.80342,-0.372683,0.0008792877,0.70694923,-0.42175388,281.1538,4.0,0.39756703,0.40188366,0.39667672,0.38546753,2.131958,2.0187988,site_1
2012-04-01,51.80342,-0.372683,0.004096031,0.6674328,0.2742405,280.73096,4.0,0.40827185,0.38545763,0.36441767,0.3847046,2.253296,2.3707275,site_1
2012-05-01,51.80342,-0.372683,0.0025424957,0.12950993,-0.81819725,285.55957,4.0,0.41131616,0.42240512,0.4330768,0.39079285,2.3829346,2.7816162,site_1
2012-06-01,51.80342,-0.372683,0.004650116,1.0152988,2.0944052,287.11475,4.0,0.43830556,0.4318472,0.42396045,0.39579773,2.3898926,2.7867432,site_1
2012-07-01,51.80342,-0.372683,0.004032135,1.7676859,1.3744497,289.09204,4.0,0.42887002,0.4347427,0.4435227,0.40611267,2.2663574,2.3173828,site_1
2012-08-01,51.80342,-0.372683,0.0020256042,1.1669588,2.0046434,290.40308,4.0,0.3798378,0.3655507,0.39966965,0.41244507,2.1921387,2.0488281,site_1
2012-09-01,51.80342,-0.372683,0.0014419556,2.3442698,0.85696125,286.6897,4.0,0.3450784,0.35036194,0.35572326,0.4091339,2.1564941,1.9645996,site_1
2012-10-01,51.80342,-0.372683,0.002746582,0.6413374,0.549242,283.20508,4.0,0.43900043,0.4329623,0.3864889,0.4063263,2.1420898,1.9381104,site_1
2012-11-01,51.80342,-0.372683,0.003255844,1.4921255,1.4332638,280.0022,4.0,0.45239103,0.45566988,0.44280756,0.41151428,2.171875,2.0766602,site_1
2012-12-01,51.80342,-0.372683,0.0028524399,2.5071745,1.6251278,278.17114,4.0,0.45409304,0.4583645,0.46320552,0.43684387,2.184204,2.1381836,site_1
2013-01-01,51.80342,-0.372683,0.0015773773,1.1734438,0.8029804,276.76904,4.0,0.43531084,0.4372946,0.44755876,0.45378113,2.173706,2.1306152,site_1
2013-02-01,51.80342,-0.372683,0.0014343262,-0.031790733,-1.3310556,275.97754,4.0,0.44005638,0.4443767,0.44050926,0.45233154,2.0916748,1.9171143,site_1
2013-03-01,51.80342,-0.372683,0.0021400452,-2.3328543,-1.2215004,275.90747,4.0,0.43716425,0.43712997,0.43527055,0.45133972,2.131836,2.0184326,site_1
2013-04-01,51.80342,-0.372683,0.0015010834,0.28587532,0.32814217,280.8086,4.0,0.4095801,0.40868855,0.41672474,0.44914246,2.253296,2.3707275,site_1
2013-05-01,51.80342,-0.372683,0.002111435,1.654377,-0.07347107,283.86548,4.0,0.3685233,0.35079485,0.3606503,0.4412079,2.3829346,2.7816162,site_1
2013-06-01,51.80342,-0.372683,0.0009994507,0.8792343,-0.19887066,287.29346,4.0,0.33069438,0.33007246,0.34053177,0.4315796,2.3898926,2.7867432,site_1
2013-07-01,51.80342,-0.372683,0.0017356873,-0.017500877,0.30892563,292.15186,4.0,0.29126352,0.28709865,0.32570642,0.42184448,2.2663574,2.3173828,site_1
2013-08-01,51.80342,-0.372683,0.0022659302,1.5984812,0.5987692,290.7041,4.0,0.34773016,0.32881254,0.30642343,0.41270447,2.1921387,2.0488281,site_1
2013-09-01,51.80342,-0.372683,0.0019111633,0.825943,-0.023492813,287.04028,4.0,0.38613445,0.37772787,0.31629753,0.40626526,2.1564941,1.9645996,site_1
2013-10-01,51.80342,-0.372683,0.0028629303,1.593504,1.9165106,285.68726,4.0,0.42697972,0.41720647,0.35533524,0.40260315,2.1420898,1.9381104,site_1
2013-11-01,51.80342,-0.372683,0.0018367767,2.1064978,-0.9697752,279.69824,4.0,0.44482183,0.4475066,0.4290151,0.4042511,2.171875,2.0766602,site_1
2013-12-01,51.80342,-0.372683,0.0026454926,2.5563383,3.371211,279.49365,4.0,0.43867278,0.44134992,0.4428382,0.41329956,2.184204,2.1381836,site_1
2014-01-01,51.80342,-0.372683,0.00349617,1.5818586,3.7283134,279.17554,4.0,0.4569903,0.4592979,0.46435595,0.44197083,2.173706,2.1306152,site_1
2014-02-01,51.80342,-0.372683,0.0034561157,2.3976183,4.7756577,279.6057,4.0,0.4533552,0.45598763,0.4668513,0.46316528,2.0916748,1.9171143,site_1
2014-03-01,51.80342,-0.372683,0.001033783,0.8277025,0.94449234,281.0608,4.0,0.40924716,0.41422415,0.4280699,0.46287537,2.131836,2.0184326,site_1
2014-04-01,51.80342,-0.372683,0.0020618439,0.13209057,0.45296955,283.8567,4.0,0.37892562,0.3675012,0.36814827,0.4521942,2.253296,2.3707275,site_1
2014-05-01,51.80342,-0.372683,0.0026378632,0.9052906,0.813529,285.78052,4.0,0.39379203,0.37314206,0.3360526,0.44004822,2.3829346,2.7816162,site_1
2014-06-01,51.80342,-0.372683,0.0015602112,0.057723045,-0.35890293,288.9834,4.0,0.340757,0.33898228,0.32151186,0.42922974,2.3898926,2.7867432,site_1
2014-07-01,51.80342,-0.372683,0.0018844604,0.7358942,-0.80306435,291.89844,4.0,0.33415616,0.29875624,0.29939777,0.41888428,2.2663574,2.3173828,site_1
2014-08-01,51.80342,-0.372683,0.003364563,2.4112606,1.1020947,288.90796,4.0,0.3799495,0.3587193,0.28956753,0.40933228,2.1921387,2.0488281,site_1
2014-09-01,51.80342,-0.372683,0.00059890747,-0.53674316,-0.8221073,288.6377,4.0,0.34294695,0.33848798,0.29862642,0.40307617,2.1564941,1.9645996,site_1
2014-10-01,51.80342,-0.372683,0.0025691986,1.6715918,2.4695826,286.11182,4.0,0.4086824,0.3884312,0.3260495,0.39866638,2.1420898,1.9381104,site_1
2014-11-01,51.80342,-0.372683,0.0031747818,-0.5868387,1.501298,281.93823,4.0,0.44929612,0.44446874,0.39001256,0.39711,2.171875,2.0766602,site_1
2014-12-01,51.80342,-0.372683,0.0013046265,3.5343542,0.42800808,278.5078,4.0,0.43857455,0.44262302,0.4369741,0.40296936,2.184204,2.1381836,site_1
2015-01-01,51.80342,-0.372683,0.0021209717,3.4957085,1.7024136,277.7998,4.0,0.44662434,0.45080465,0.4486521,0.41506958,2.173706,2.1306152,site_1
2015-02-01,51.80342,-0.372683,0.0016469955,1.3826447,-0.07130146,277.14502,4.0,0.43709415,0.4397146,0.44252837,0.42622375,2.0916748,1.9171143,site_1
2015-03-01,51.80342,-0.372683,0.0008945465,1.8257885,0.06200981,279.77344,4.0,0.40276688,0.40634346,0.43343467,0.4308777,2.131836,2.0184326,site_1
2015-04-01,51.80342,-0.372683,0.0010356903,0.39095116,-0.044449806,282.61914,4.0,0.34524184,0.34840727,0.38940734,0.42907715,2.253296,2.3707275,site_1
2015-05-01,51.80342,-0.372683,0.0020942688,2.236065,1.1364517,284.8484,4.0,0.3677827,0.33616894,0.34311354,0.42269897,2.3829346,2.7816162,site_1
2015-06-01,51.80342,-0.372683,0.00096321106,1.3887043,-0.0011034012,288.3064,4.0,0.30730963,0.29068017,0.317748,0.41488647,2.3898926,2.7867432,site_1
2015-07-01,51.80342,-0.372683,0.0026054382,2.3059044,1.1376047,290.2041,4.0,0.3365054,0.29364818,0.30177593,0.40620422,2.2663574,2.3173828,site_1
2015-08-01,51.80342,-0.372683,0.0034503937,0.70426655,1.3029823,290.00537,4.0,0.3760578,0.36456144,0.29146075,0.3994751,2.1921387,2.0488281,site_1
2015-09-01,51.80342,-0.372683,0.002193451,0.09701729,-0.3587017,286.01245,4.0,0.4139377,0.40909064,0.32840002,0.39500427,2.1564941,1.9645996,site_1
2015-10-01,51.80342,-0.372683,0.001789093,-0.3703413,-0.3658514,284.3584,4.0,0.40750712,0.40322018,0.35196567,0.3925171,2.1420898,1.9381104,site_1
2015-11-01,51.80342,-0.372683,0.0020542145,3.811346,2.331008,283.11816,4.0,0.4397238,0.43698204,0.39811933,0.39204407,2.171875,2.0766602,site_1
2015-12-01,51.80342,-0.372683,0.001947403,2.8255215,5.0662165,283.66064,4.0,0.44225413,0.44161826,0.4248498,0.39512634,2.184204,2.1381836,site_1
1996-01-01,60.322,24.519,0.00037002563,-0.507329,0.28682232,266.9558,2.0,0.30091172,0.3041078,0.3154812,0.31576538,2.0344238,1.9993896,site_2
1996-02-01,60.322,24.519,0.0012245178,0.03332138,0.09608364,262.92554,2.0,0.2911361,0.29366237,0.30498207,0.31549072,2.0319824,1.9990234,site_2
1996-03-01,60.322,24.519,0.0015411377,-1.1076956,0.5341654,269.31128,2.0,0.2851172,0.2852974,0.2914657,0.31448364,2.1641846,2.0357666,site_2
1996-04-01,60.322,24.519,0.00089263916,0.062737465,0.23563766,275.4978,2.0,0.3386383,0.33238417,0.30293047,0.31292725,2.4172363,2.106079,site_2
1996-05-01,60.322,24.519,0.0021591187,-0.83092403,0.19428825,281.57495,2.0,0.3073331,0.30702966,0.32122177,0.3145752,2.838623,2.2231445,site_2
1996-06-01,60.322,24.519,0.0022296906,1.7193537,0.4300623,286.02295,2.0,0.2967155,0.2953272,0.29335868,0.31323242,3.4456787,2.3912354,site_2
1996-07-01,60.322,24.519,0.00541687,1.2351484,0.93692684,287.708,2.0,0.3225758,0.32227153,0.31678033,0.31237793,3.5064697,2.4060059,site_2
1996-08-01,60.322,24.519,0.00039100647,-0.45832825,1.0200977,290.4563,2.0,0.21962684,0.23975337,0.29249245,0.3126526,3.1293945,2.3034668,site_2
1996-09-01,60.322,24.519,0.0016040802,-0.5157728,-1.1066847,282.04688,2.0,0.24520242,0.24302512,0.27504146,0.30932617,2.7786865,2.2059326,site_2
1996-10-01,60.322,24.519,0.001581192,1.1882162,1.5569696,280.20508,2.0,0.31443053,0.30549157,0.27771258,0.30691528,2.5510254,2.140625,site_2
1996-11-01,60.322,24.519,0.0044994354,0.9166174,2.443943,276.7439,2.0,0.35759825,0.3590129,0.33749872,0.3107605,2.2895508,2.0697021,site_2
1996-12-01,60.322,24.519,0.0012664795,1.0803299,-0.17672634,268.6682,2.0,0.3345245,0.33245927,0.3480975,0.3274231,2.1812744,2.0378418,site_2
1997-01-01,60.322,24.519,0.0014247894,2.4961576,-0.71527195,269.0061,2.0,0.32467353,0.32430947,0.33474767,0.3331604,2.0344238,1.9993896,site_2
1997-02-01,60.322,24.519,0.0023784637,1.916686,0.9668255,269.64966,2.0,0.33832544,0.33955908,0.3347968,0.33355713,2.0308838,1.9986572,site_2
1997-03-01,60.322,24.519,0.0010910034,2.4489164,-0.1345787,272.3269,2.0,0.34136432,0.3406917,0.35790688,0.3509674,2.1635742,2.0356445,site_2
1997-04-01,60.322,24.519,0.0016479492,1.5690479,-0.14477634,274.9934,2.0,0.32909876,0.33229977,0.33744955,0.35185242,2.4172363,2.106079,site_2
1997-05-01,60.322,24.519,0.00090408325,0.43103313,-0.38783646,281.05103,2.0,0.26096076,0.26758933,0.2768932,0.34603882,2.838623,2.2231445,site_2
1997-06-01,60.322,24.519,0.0016651154,-0.23357868,0.5726652,289.0913,2.0,0.17777038,0.14258683,0.18418902,0.33200073,3.4456787,2.3912354,site_2
1997-07-01,60.322,24.519,0.0017528534,-0.5514927,0.32031155,291.64795,2.0,0.1818847,0.14621341,0.171457,0.3173523,3.5064697,2.4060059,site_2
1997-08-01,60.322,24.519,0.0011024475,-0.07089901,0.032170296,291.43115,2.0,0.21300739,0.19107807,0.1800533,0.3067627,3.1293945,2.3034668,site_2
1997-09-01,60.322,24.519,0.0019493103,1.6740236,-0.13612175,283.9912,2.0,0.26927346,0.24534827,0.1973927,0.29942322,2.7786865,2.2059326,site_2
1997-10-01,60.322,24.519,0.002029419,0.9054928,-1.0743914,276.55444,2.0,0.3173877,0.30916524,0.24861026,0.2956848,2.5510254,2.140625,site_2
1997-11-01,60.322,24.519,0.0014076233,-0.96910095,0.3721857,273.64893,2.0,0.31392717,0.31173515,0.2859319,0.29463196,2.2895508,2.0697021,site_2
1997-12-01,60.322,24.519,0.0015640259,-0.7185135,0.7030945,270.58496,2.0,0.31544477,0.31457996,0.3026836,0.29484558,2.1812744,2.0378418,site_2
1998-01-01,60.322,24.519,0.0025749207,0.26990032,0.9213095,271.29443,2.0,0.34001958,0.33808815,0.32339883,0.29789734,2.0344238,1.9993896,site_2
1998-02-01,60.322,24.519,0.0017929077,1.7176495,0.72381115,268.73145,2.0,0.34391576,0.34408695,0.33889967,0.3062439,2.0308838,1.9986572,site_2
1998-03-01,60.322,24.519,0.0008831024,0.32879066,0.45830536,268.6543,2.0,0.33549303,0.3305232,0.33652258,0.32107544,2.1635742,2.0356445,site_2
1998-04-01,60.322,24.519,0.0011920929,-2.2858334,0.088947296,276.06982,2.0,0.32201385,0.32463598,0.31080967,0.3227234,2.4172363,2.106079,site_2
1998-05-01,60.322,24.519,0.0014953613,1.0801754,-0.28095436,282.67456,2.0,0.25333035,0.24958783,0.25589037,0.3192749,2.838623,2.2231445,site_2
1998-06-01,60.322,24.519,0.004573822,0.1158247,1.205225,286.95093,2.0,0.28801656,0.2659396,0.22506171,0.3126831,3.4456787,2.3912354,site_2
1998-07-01,60.322,24.519,0.0036315918,1.3200321,1.0878105,288.99976,2.0,0.31668013,0.3069088,0.24587339,0.30699158,3.5064697,2.4060059,site_2
1998-08-01,60.322,24.519,0.003929138,0.92529297,0.5418186,286.85938,2.0,0.340703,0.33038354,0.26846844,0.3031311,3.1293945,2.3034668,site_2
1998-09-01,60.322,24.519,0.0011539459,-0.034467697,0.4131384,284.49268,2.0,0.3164338,0.3170833,0.30440754,0.30195618,2.7786865,2.2059326,site_2
1998-10-01,60.322,24.519,0.0032043457,1.5633736,2.0351925,279.22998,2.0,0.33070898,0.32818997,0.31496418,0.30230713,2.5510254,2.140625,site_2
1998-11-01,60.322,24.519,0.001159668,-0.9499397,0.19493675,270.365,2.0,0.32638192,0.33034247,0.34040558,0.3118744,2.2895508,2.0697021,site_2
1998-12-01,60.322,24.519,0.0022125244,1.5144434,0.7113466,271.17188,2.0,0.32792085,0.32625282,0.32920146,0.31806946,2.1812744,2.0378418,site_2
1999-01-01,60.322,24.519,0.002588272,0.06248951,0.8189316,267.37598,2.0,0.33830947,0.34070706,0.34080887,0.3234558,2.0344238,1.9993896,site_2
1999-02-01,60.322,24.519,0.00299263,-0.75645924,0.5087347,266.04736,2.0,0.3214814,0.32272327,0.3403985,0.330719,2.0308838,1.9986572,site_2
1999-03-01,60.322,24.519,0.0013561249,-1.2375956,1.261425,271.44946,2.0,0.32522726,0.32312518,0.3276195,0.3322296,2.1635742,2.0356445,site_2
1999-04-01,60.322,24.519,0.002067566,-0.3666973,0.6320696,277.86035,2.0,0.35042232,0.3544503,0.3675046,0.35455322,2.4172363,2.106079,site_2
1999-05-01,60.322,24.519,0.00085639954,0.8709564,0.0057725906,280.54517,2.0,0.2604851,0.26014668,0.29820633,0.35946655,2.838623,2.2231445,site_2
1999-06-01,60.322,24.519,0.0012702942,0.608119,1.2470617,290.27002,2.0,0.1912834,0.17369324,0.22165859,0.34362793,3.4456787,2.3912354,site_2
1999-07-01,60.322,24.519,0.0012283325,2.2808142,0.9945679,291.57056,2.0,0.18479335,0.16167599,0.19289124,0.32754517,3.5064697,2.4060059,site_2
1999-08-01,60.322,24.519,0.0015144348,0.6540346,-0.28557396,288.43018,2.0,0.20891285,0.19011664,0.1865843,0.31536865,3.1293945,2.3034668,site_2
1999-09-01,60.322,24.519,0.00095558167,0.107904434,0.81609154,285.7483,2.0,0.1899181,0.18620759,0.20042217,0.30697632,2.7786865,2.2059326,site_2
1999-10-01,60.322,24.519,0.0029640198,1.2780504,0.5955477,279.98242,2.0,0.3243479,0.30885363,0.24249393,0.30213928,2.5510254,2.140625,site_2
1999-11-01,60.322,24.519,0.0011501312,1.3576145,1.1656113,275.7002,2.0,0.3084694,0.30353802,0.2763042,0.3000946,2.2895508,2.0697021,site_2
1999-12-01,60.322,24.519,0.003665924,1.5516148,1.297204,271.24756,2.0,0.34615064,0.34589064,0.32638448,0.30247498,2.1812744,2.0378418,site_2
2000-01-01,60.322,24.519,0.0018405914,2.4191103,0.32493973,270.2539,2.0,0.33951908,0.33852667,0.3345191,0.2965088,2.0344238,1.9993896,site_2
2000-02-01,60.322,24.519,0.0018930435,1.8517561,1.4369164,270.33667,2.0,0.3388726,0.33943605,0.33703583,0.30718994,2.0319824,1.9990234,site_2
2000-03-01,60.322,24.519,0.0016307831,2.0795813,-0.0506258,271.54126,2.0,0.35081935,0.354361,0.3530054,0.3226776,2.1641846,2.0357666,site_2
2000-04-01,60.322,24.519,0.0013618469,-0.67103195,0.65149784,278.63232,2.0,0.33844376,0.34592903,0.35233474,0.33843994,2.4172363,2.106079,site_2
2000-05-01,60.322,24.519,0.0012264252,0.96336174,0.44473553,282.80835,2.0,0.22814637,0.2372123,0.2939657,0.33979797,2.838623,2.2231445,site_2
2000-06-01,60.322,24.519,0.002166748,1.7389584,0.93488216,286.66187,2.0,0.246903,0.2268945,0.23418194,0.33110046,3.4456787,2.3912354,site_2
2000-07-01,60.322,24.519,0.003227234,-1.1704302,0.39657497,289.3938,2.0,0.27854657,0.24041557,0.19869769,0.32044983,3.5064697,2.4060059,site_2
2000-08-01,60.322,24.519,0.001876831,1.7740078,0.67917824,288.23682,2.0,0.27966672,0.26088226,0.20175582,0.31158447,3.1293945,2.3034668,site_2
2000-09-01,60.322,24.519,0.0012378693,0.43616867,-0.04630184,282.97778,2.0,0.26476437,0.262868,0.21534473,0.30511475,2.7786865,2.2059326,site_2
2000-10-01,60.322,24.519,0.0024108887,-0.40920448,2.3961678,282.00415,2.0,0.26928282,0.25167984,0.21082461,0.2924652,2.5510254,2.140625,site_2
2000-11-01,60.322,24.519,0.0039100647,-1.4988785,2.770214,277.63184,2.0,0.34843844,0.34528446,0.2902165,0.290802,2.2895508,2.0697021,site_2
2000-12-01,60.322,24.519,0.0017204285,0.4357376,1.2471638,274.2649,2.0,0.33916342,0.34252685,0.33578706,0.2975769,2.1812744,2.0378418,site_2
2001-01-01,60.322,24.519,0.0017147064,0.22278023,0.9285145,271.60474,2.0,0.3245604,0.32694834,0.3344602,0.3085327,2.0344238,1.9993896,site_2
2001-02-01,60.322,24.519,0.0018463135,0.46498013,-0.94809437,265.33667,2.0,0.33760524,0.33874673,0.3402683,0.3163452,2.0308838,1.9986572,site_2
2001-03-01,60.322,24.519,0.0011291504,0.73272324,-0.11376953,268.94165,2.0,0.33560228,0.33607548,0.34336138,0.325943,2.1635742,2.0356445,site_2
2001-04-01,60.322,24.519,0.0022087097,-0.29693413,0.7550335,277.937,2.0,0.342889,0.3436362,0.34757286,0.33570862,2.4172363,2.106079,site_2
2001-05-01,60.322,24.519,0.0017337799,1.4959736,-0.73708534,282.18726,2.0,0.30021948,0.30286956,0.32510245,0.3375702,2.838623,2.2231445,site_2
2001-06-01,60.322,24.519,0.0024032593,0.25106525,0.3373108,286.5957,2.0,0.2866205,0.27786762,0.2700402,0.33273315,3.4456787,2.3912354,site_2
2001-07-01,60.322,24.519,0.001871109,0.483572,1.2873363,292.72412,2.0,0.2024684,0.18348867,0.213265,0.32333374,3.5064697,2.4060059,site_2
2001-08-01,60.322,24.519,0.0020599365,1.0701332,1.0153751,289.28638,2.0,0.22219175,0.1885894,0.1986764,0.3134308,3.1293945,2.3034668,site_2
2001-09-01,60.322,24.519,0.003353119,-1.4286242,1.3316908,285.19214,2.0,0.3085813,0.2875359,0.22245401,0.30644226,2.7786865,2.2059326,site_2
2001-10-01,60.322,24.519,0.0025157928,1.5724077,0.8304615,281.48145,2.0,0.31918806,0.30975616,0.2628594,0.30326843,2.5510254,2.140625,site_2
2001-11-01,60.322,24.519,0.0021686554,0.73759556,-0.8265047,273.22363,2.0,0.33568442,0.33672863,0.31310523,0.30300903,2.2895508,2.0697021,site_2
2001-12-01,60.322,24.519,0.0011310577,-0.5666857,-0.59303284,266.0542,2.0,0.32187998,0.32119828,0.32100683,0.3062744,2.1812744,2.0378418,site_2
2002-01-01,60.322,24.519,0.0023288727,1.8502884,0.32410622,269.51465,2.0,0.3362462,0.33122575,0.3229993,0.30915833,2.0344238,1.9993896,site_2
2002-02-01,60.322,24.519,0.002450943,1.8668652,1.6454506,271.75684,2.0,0.34897965,0.3521794,0.35478568,0.32296753,2.0308838,1.9986572,site_2
2002-03-01,60.322,24.519,0.0016536713,1.3737621,0.41818047,272.90112,2.0,0.35464454,0.3558963,0.3514111,0.33670044,2.1635742,2.0356445,site_2
2002-04-01,60.322,24.519,0.00029945374,-0.5960045,0.3169508,277.8794,2.0,0.29962116,0.3075999,0.33445013,0.34542847,2.4172363,2.106079,site_2
2002-05-01,60.322,24.519,0.0010318756,0.27519608,0.26310825,283.72778,2.0,0.23151731,0.24233812,0.26525873,0.33970642,2.838623,2.2231445,site_2
2002-06-01,60.322,24.519,0.0028076172,1.0865898,0.76873016,288.47363,2.0,0.21974957,0.20137995,0.21785647,0.32841492,3.4456787,2.3912354,site_2
2002-07-01,60.322,24.519,0.0027484894,0.5458946,1.691576,291.76147,2.0,0.2606715,0.25506163,0.21848887,0.3187561,3.5064697,2.4060059,site_2
2002-08-01,60.322,24.519,0.00045204163,0.37211895,-0.0006942749,292.0061,2.0,0.15814263,0.16977686,0.19898641,0.30955505,3.1293945,2.3034668,site_2
2002-09-01,60.322,24.519,0.00048828125,1.0087337,-1.1275482,284.24463,2.0,0.18146604,0.18145066,0.21858186,0.30244446,2.7786865,2.2059326,site_2
2002-10-01,60.322,24.519,0.0008621216,-1.0779915,-1.4405212,273.9995,2.0,0.23129904,0.22205919,0.25166607,0.30136108,2.5510254,2.140625,site_2
2002-11-01,60.322,24.519,0.0020713806,-1.4290257,-0.8944416,270.99805,2.0,0.28912652,0.27709585,0.25914246,0.2988739,2.2895508,2.0697021,site_2
2002-12-01,60.322,24.519,0.00053215027,0.124471664,-0.9506054,265.18726,2.0,0.31234926,0.30033106,0.28246891,0.2975769,2.1812744,2.0378418,site_2
2003-01-01,60.322,24.519,0.0014686584,0.94101715,0.0819931,263.66943,2.0,0.33039004,0.31991476,0.2968253,0.29737854,2.0344238,1.9993896,site_2
2003-02-01,60.322,24.519,0.00049209595,0.6758547,0.33048058,267.2068,2.0,0.33644497,0.3406682,0.30412638,0.2976532,2.0308838,1.9986572,site_2
2003-03-01,60.322,24.519,0.00043678284,1.6010599,0.17423058,271.89062,2.0,0.3399471,0.34187335,0.3114946,0.29862976,2.1635742,2.0356445,site_2
2003-04-01,60.322,24.519,0.0012893677,-1.0870447,-0.8580942,275.75122,2.0,0.30181086,0.30431014,0.31885022,0.301239,2.4172363,2.106079,site_2
2003-05-01,60.322,24.519,0.0022964478,1.4582491,1.0500097,282.22266,2.0,0.30420798,0.29543793,0.29368943,0.30238342,2.838623,2.2231445,site_2
2003-06-01,60.322,24.519,0.0017242432,0.4504156,-0.59965515,285.93652,2.0,0.2694264,0.2550612,0.24789625,0.29994202,3.4456787,2.3912354,site_2
2003-07-01,60.322,24.519,0.0012760162,-0.77293396,0.1492567,292.79468,2.0,0.20398444,0.196868,0.20738083,0.29492188,3.5064697,2.4060059,site_2
2003-08-01,60.322,24.519,0.0017566681,0.536109,-0.9009876,289.25488,2.0,0.2160182,0.17858636,0.1848805,0.28857422,3.1293945,2.3034668,site_2
2003-09-01,60.322,24.519,0.0010070801,1.5584736,0.6930971,284.78784,2.0,0.23353255,0.22557181,0.20373261,0.28422546,2.7786865,2.2059326,site_2
2003-10-01,60.322,24.519,0.002035141,0.81219673,-0.60391045,277.05786,2.0,0.30968755,0.28758126,0.19438523,0.27095032,2.5510254,2.140625,site_2
2003-11-01,60.322,24.519,0.001909256,0.17882729,1.3286285,276.30005,2.0,0.31810838,0.30757076,0.24319941,0.2696991,2.2895508,2.0697021,site_2
2003-12-01,60.322,24.519,0.002960205,1.9864511,0.58985615,272.8108,2.0,0.32918346,0.32289952,0.2845301,0.2697296,2.1812744,2.0378418,site_2
2004-01-01,60.322,24.519,0.0011692047,-0.65815544,0.66166306,266.1875,2.0,0.319637,0.31613946,0.31168616,0.27314758,2.0344238,1.9993896,site_2
2004-02-01,60.322,24.519,0.0017127991,0.7103386,0.22405434,268.2068,2.0,0.31989813,0.32036895,0.31151903,0.27752686,2.0319824,1.9990234,site_2
2004-03-01,60.322,24.519,0.0013866425,0.388546,-0.32661915,271.90405,2.0,0.33903575,0.33804715,0.32551587,0.28274536,2.1641846,2.0357666,site_2
2004-04-01,60.322,24.519,0.00037384033,-0.6003027,0.2846489,277.63794,2.0,0.2907892,0.2977081,0.31636858,0.29599,2.4172363,2.106079,site_2
2004-05-01,60.322,24.519,0.0014839172,0.6380882,0.23697758,282.78833,2.0,0.2049982,0.18385744,0.2325179,0.29464722,2.838623,2.2231445,site_2
2004-06-01,60.322,24.519,0.003709793,1.4658842,0.2353859,285.864,2.0,0.24962723,0.19552463,0.19481999,0.28985596,3.4456787,2.3912354,site_2
2004-07-01,60.322,24.519,0.0054302216,0.13315678,0.71633625,289.2356,2.0,0.30024493,0.28724742,0.21127135,0.28536987,3.5064697,2.4060059,site_2
2004-08-01,60.322,24.519,0.002527237,0.17931461,0.6369839,289.708,2.0,0.30952448,0.29932356,0.24478036,0.2821045,3.1293945,2.3034668,site_2
2004-09-01,60.322,24.519,0.002922058,2.2921715,1.3750305,285.5415,2.0,0.3331015,0.3293708,0.29024,0.28120422,2.7786865,2.2059326,site_2
2004-10-01,60.322,24.519,0.0011520386,-0.06272316,0.42897224,279.1482,2.0,0.31259644,0.30746025,0.27364987,0.27388,2.5510254,2.140625,site_2
2004-11-01,60.322,24.519,0.0018692017,1.7360926,0.15190697,273.5901,2.0,0.32181948,0.3187521,0.29640973,0.2746277,2.2895508,2.0697021,site_2
2004-12-01,60.322,24.519,0.0029993057,2.1246977,1.5516567,273.38672,2.0,0.34538883,0.3425867,0.32363176,0.27941895,2.1812744,2.0378418,site_2
2005-01-01,60.322,24.519,0.0030670166,1.3485289,1.6220074,272.07422,2.0,0.3415692,0.34613746,0.34733444,0.29548645,2.0344238,1.9993896,site_2
2005-02-01,60.322,24.519,0.0012817383,-0.7740841,0.7586355,267.7705,2.0,0.32078648,0.3230698,0.33447766,0.30995178,2.0308838,1.9986572,site_2
2005-03-01,60.322,24.519,0.0002937317,0.24124908,-1.7132454,267.2224,2.0,0.3116082,0.31043386,0.31963825,0.3140869,2.1635742,2.0356445,site_2
2005-04-01,60.322,24.519,0.000497818,0.84692955,0.06247139,277.14038,2.0,0.31521457,0.320337,0.3200453,0.31471252,2.4172363,2.106079,site_2
2005-05-01,60.322,24.519,0.001663208,0.6943188,0.62029266,282.479,2.0,0.25429028,0.24662286,0.28859538,0.31391907,2.838623,2.2231445,site_2
2005-06-01,60.322,24.519,0.0025501251,0.8806219,-0.25975704,286.86084,2.0,0.2667532,0.25150687,0.23746932,0.30944824,3.4456787,2.3912354,site_2
2005-07-01,60.322,24.519,0.0024337769,0.46330833,0.74252796,291.54248,2.0,0.23605871,0.2225048,0.21429998,0.30265808,3.5064697,2.4060059,site_2
2005-08-01,60.322,24.519,0.0054473877,0.59357643,1.2877808,289.18286,2.0,0.33222747,0.32481128,0.27251393,0.29795837,3.1293945,2.3034668,site_2
2005-09-01,60.322,24.519,0.0008239746,2.3258848,1.5554829,285.64722,2.0,0.29206812,0.2939391,0.30122262,0.2971344,2.7786865,2.2059326,site_2
2005-10-01,60.322,24.519,0.0013885498,1.1737328,1.3999949,280.73926,2.0,0.28355062,0.27625996,0.25428545,0.29164124,2.5510254,2.140625,site_2
2005-11-01,60.322,24.519,0.0026874542,1.8582935,2.3020887,277.09033,2.0,0.3268624,0.3191226,0.2740687,0.2906952,2.2895508,2.0697021,site_2
2005-12-01,60.322,24.519,0.001534462,-0.52771854,-0.4864788,269.98315,2.0,0.31867844,0.31728083,0.30151522,0.29093933,2.1812744,2.0378418,site_2
2006-01-01,60.322,24.519,0.0007247925,0.7038841,0.30307102,269.10767,2.0,0.3159569,0.31320125,0.30659294,0.292099,2.0344238,1.9993896,site_2
2006-02-01,60.322,24.519,0.0009498596,-1.2574148,-0.07736778,264.17798,2.0,0.30375844,0.30485338,0.31026787,0.2944641,2.0308838,1.9986572,site_2
2006-03-01,60.322,24.519,0.0012283325,-0.8200655,-0.7459688,266.7605,2.0,0.30527472,0.30242658,0.30791718,0.29663086,2.1635742,2.0356445,site_2
2006-04-01,60.322,24.519,0.0014648438,-0.36030293,1.4924126,276.6831,2.0,0.3392908,0.34510452,0.32890844,0.30088806,2.4172363,2.106079,site_2
2006-05-01,60.322,24.519,0.0011520386,0.38438034,0.8798351,282.83008,2.0,0.19599509,0.19886875,0.2553032,0.3024292,2.838623,2.2231445,site_2
2006-06-01,60.322,24.519,0.0014839172,1.642292,0.57704926,288.38428,2.0,0.2124514,0.19569933,0.22355151,0.29769897,3.4456787,2.3912354,site_2
2006-07-01,60.322,24.519,0.0007133484,1.2715139,0.0031957626,291.31714,2.0,0.17855042,0.16961044,0.19457489,0.29115295,3.5064697,2.4060059,site_2
2006-08-01,60.322,24.519,0.0014305115,-1.7959442,0.14500523,291.11987,2.0,0.1969195,0.16663057,0.19300956,0.28500366,3.1293945,2.3034668,site_2
2006-09-01,60.322,24.519,0.0015487671,1.93013,0.6297722,286.854,2.0,0.26550436,0.24992627,0.19875717,0.2809143,2.7786865,2.2059326,site_2
2006-10-01,60.322,24.519,0.005203247,0.76109314,0.500947,281.06567,2.0,0.33071655,0.30781174,0.19304127,0.27156067,2.5510254,2.140625,site_2
2006-11-01,60.322,24.519,0.002374649,0.52584934,0.95422935,275.1084,2.0,0.34204066,0.33814543,0.29369384,0.27122498,2.2895508,2.0697021,site_2
2006-12-01,60.322,24.519,0.0022239685,3.5195475,1.6090584,276.3396,2.0,0.34572047,0.34693617,0.33778644,0.2803192,2.1812744,2.0378418,site_2
2007-01-01,60.322,24.519,0.0029277802,1.2366467,0.7134094,271.14282,2.0,0.34571427,0.34681505,0.343404,0.29777527,2.0344238,1.9993896,site_2
2007-02-01,60.322,24.519,0.0005645752,-0.9209242,0.003964424,263.37354,2.0,0.3176362,0.311292,0.3250327,0.30795288,2.0308838,1.9986572,site_2
2007-03-01,60.322,24.519,0.0014972687,0.6367216,0.85735893,275.67603,2.0,0.3289398,0.3284222,0.3210383,0.31071472,2.1635742,2.0356445,site_2
2007-04-01,60.322,24.519,0.0015029907,2.3679523,-0.8388691,277.78687,2.0,0.27992052,0.28054833,0.29770082,0.31137085,2.4172363,2.106079,site_2
2007-05-01,60.322,24.519,0.0028324127,0.8363619,1.1075306,282.8628,2.0,0.286498,0.2667625,0.26110703,0.30888367,2.838623,2.2231445,site_2
2007-06-01,60.322,24.519,0.001499176,0.17818356,0.23777962,288.00244,2.0,0.22795546,0.21452785,0.20396477,0.30314636,3.4456787,2.3912354,site_2
2007-07-01,60.322,24.519,0.0034008026,0.6626587,0.7142124,290.0144,2.0,0.24247909,0.20446688,0.18377095,0.29605103,3.5064697,2.4060059,site_2
2007-08-01,60.322,24.519,0.002067566,0.6120596,0.6411104,290.1648,2.0,0.2651732,0.24703366,0.1725837,0.2896576,3.1293945,2.3034668,site_2
2007-09-01,60.322,24.519,0.0028896332,1.0380707,1.0982704,284.22534,2.0,0.31635147,0.3031466,0.20965356,0.2850647,2.7786865,2.2059326,site_2
2007-10-01,60.322,24.519,0.0014877319,0.89306545,0.4246254,279.91235,2.0,0.3162884,0.30979508,0.2609098,0.28334045,2.5510254,2.140625,site_2
2007-11-01,60.322,24.519,0.0023899078,0.17768383,0.42892742,273.71582,2.0,0.33279228,0.32908416,0.29993337,0.28378296,2.2895508,2.0697021,site_2
2007-12-01,60.322,24.519,0.0026416779,1.796752,1.6761112,274.94385,2.0,0.34211296,0.34167337,0.3340503,0.29092407,2.1812744,2.0378418,site_2
2008-01-01,60.322,24.519,0.0029773712,0.57605076,2.607438,272.86816,2.0,0.34815,0.35036558,0.3446433,0.2992401,2.0344238,1.9993896,site_2
2008-02-01,60.322,24.519,0.0022602081,2.0139437,0.61398983,273.68066,2.0,0.34821844,0.3494699,0.34954095,0.31828308,2.0319824,1.9990234,site_2
2008-03-01,60.322,24.519,0.002105713,-0.07419491,0.15333176,272.86426,2.0,0.33425564,0.33821857,0.3452508,0.3302765,2.1641846,2.0357666,site_2
2008-04-01,60.322,24.519,0.0012216568,-0.49533272,0.3308754,278.91455,2.0,0.31372714,0.31922567,0.33331555,0.33354187,2.4172363,2.106079,site_2
2008-05-01,60.322,24.519,0.00060653687,0.4052496,-0.8162594,283.3518,2.0,0.22740477,0.2387029,0.29333204,0.33117676,2.838623,2.2231445,site_2
2008-06-01,60.322,24.519,0.0031013489,1.7161131,1.0331821,287.24634,2.0,0.24362165,0.22436494,0.24008644,0.32366943,3.4456787,2.3912354,site_2
2008-07-01,60.322,24.519,0.0012836456,0.993515,0.020506859,290.07178,2.0,0.24766988,0.23729426,0.21736473,0.31584167,3.5064697,2.4060059,site_2
2008-08-01,60.322,24.519,0.0036716461,0.17195225,0.40591335,288.12476,2.0,0.29939473,0.26631832,0.19992274,0.3076172,3.1293945,2.3034668,site_2
2008-09-01,60.322,24.519,0.0018119812,-0.49943542,-0.5315447,283.05176,2.0,0.3067662,0.30186135,0.24749899,0.30281067,2.7786865,2.2059326,site_2
2008-10-01,60.322,24.519,0.004011154,2.5340729,2.4465866,281.57397,2.0,0.33432537,0.32308048,0.27242118,0.30036926,2.5510254,2.140625,site_2
2008-11-01,60.322,24.519,0.0029258728,1.4373732,0.91056347,275.99072,2.0,0.34827876,0.35134077,0.33772802,0.30421448,2.2895508,2.0697021,site_2
2008-12-01,60.322,24.519,0.0021705627,0.17588997,1.2818489,273.8357,2.0,0.34279764,0.34567672,0.35671854,0.3286438,2.1812744,2.0378418,site_2
2009-01-01,60.322,24.519,0.0011262894,0.7123995,-0.49109745,269.6433,2.0,0.32129258,0.3232466,0.3396992,0.3377838,2.0344238,1.9993896,site_2
2009-02-01,60.322,24.519,0.000998497,-0.4692564,0.16840744,268.3838,2.0,0.32445663,0.32220155,0.32605493,0.33766174,2.0308838,1.9986572,site_2
2009-03-01,60.322,24.519,0.0013027191,-0.5972414,-0.09796238,271.19727,2.0,0.324212,0.3205986,0.31359643,0.3360901,2.1635742,2.0356445,site_2
2009-04-01,60.322,24.519,0.00040626526,0.5776892,0.0074386597,277.14844,2.0,0.31890267,0.326146,0.32535356,0.33436584,2.4172363,2.106079,site_2
2009-05-01,60.322,24.519,0.0012664795,1.0947523,0.46703625,283.64868,2.0,0.23476905,0.22092837,0.2649914,0.33029175,2.838623,2.2231445,site_2
2009-06-01,60.322,24.519,0.0021820068,-0.19840145,-0.28822327,286.67334,2.0,0.25142407,0.2391181,0.22968465,0.32214355,3.4456787,2.3912354,site_2
2009-07-01,60.322,24.519,0.0025177002,0.5532303,1.2494173,289.79517,2.0,0.24333036,0.22345757,0.21297878,0.31359863,3.5064697,2.4060059,site_2
2009-08-01,60.322,24.519,0.0025634766,1.0595293,0.58922195,289.2063,2.0,0.27897626,0.25439197,0.19988388,0.30596924,3.1293945,2.3034668,site_2
2009-09-01,60.322,24.519,0.0009975433,2.4455814,1.0431128,286.06885,2.0,0.27760208,0.26937252,0.21765119,0.3002777,2.7786865,2.2059326,site_2
2009-10-01,60.322,24.519,0.0021820068,-0.20766258,-1.3435154,276.9519,2.0,0.3170324,0.3075844,0.2553535,0.29701233,2.5510254,2.140625,site_2
2009-11-01,60.322,24.519,0.0021247864,-0.52495,2.0076895,275.95947,2.0,0.3325404,0.32715052,0.29388875,0.29618835,2.2895508,2.0697021,site_2
2009-12-01,60.322,24.519,0.001707077,-1.9064083,-0.25008297,268.5039,2.0,0.32282954,0.3249694,0.33018678,0.30046082,2.1812744,2.0378418,site_2
2010-01-01,60.322,24.519,0.00091362,-1.0535364,0.10821724,261.73438,2.0,0.29325777,0.2948143,0.30184036,0.2915039,2.0344238,1.9993896,site_2
2010-02-01,60.322,24.519,0.0018692017,-1.5393019,0.5971432,264.38257,2.0,0.2921607,0.28879952,0.29862612,0.29234314,2.0308838,1.9986572,site_2
2010-03-01,60.322,24.519,0.001707077,0.9270201,0.06678295,270.49146,2.0,0.32042605,0.31565803,0.30813193,0.29333496,2.1635742,2.0356445,site_2
2010-04-01,60.322,24.519,0.0018577576,0.7839861,0.49363136,277.20825,2.0,0.3600273,0.36353946,0.3672884,0.33528137,2.4172363,2.106079,site_2
2010-05-01,60.322,24.519,0.0029239655,-0.58223534,0.2135868,284.06274,2.0,0.32933176,0.32840097,0.3347354,0.34846497,2.838623,2.2231445,site_2
2010-06-01,60.322,24.519,0.0013065338,0.74637604,0.38232517,287.28296,2.0,0.25909168,0.2579952,0.28507632,0.3430786,3.4456787,2.3912354,site_2
2010-07-01,60.322,24.519,0.0008201599,0.4252243,1.2507238,294.6609,2.0,0.15680885,0.16076809,0.20650709,0.33085632,3.5064697,2.4060059,site_2
2010-08-01,60.322,24.519,0.0019931793,-0.46132183,0.6734905,290.6101,2.0,0.23697537,0.18811655,0.19633543,0.31858826,3.1293945,2.3034668,site_2
2010-09-01,60.322,24.519,0.0023040771,0.16479206,0.6755934,284.6438,2.0,0.2896238,0.26724827,0.2182163,0.3108368,2.7786865,2.2059326,site_2
2010-10-01,60.322,24.519,0.0009784698,1.7222223,1.0229034,278.3318,2.0,0.29388785,0.28549004,0.24781042,0.30639648,2.5510254,2.140625,site_2
2010-11-01,60.322,24.519,0.0021247864,-0.8610096,-1.0663338,271.68945,2.0,0.32050788,0.31529337,0.2739035,0.30386353,2.2895508,2.0697021,site_2
2010-12-01,60.322,24.519,0.0022506714,-1.9101734,-1.0855913,264.31714,2.0,0.29701287,0.29956436,0.2951755,0.30319214,2.1812744,2.0378418,site_2
2011-01-01,60.322,24.519,0.001958847,0.8865776,0.2915163,267.8584,2.0,0.30094653,0.2981959,0.29644936,0.30317688,2.0344238,1.9993896,site_2
2011-02-01,60.322,24.519,0.0010910034,0.15035915,-0.3875389,261.7141,2.0,0.2989576,0.29886216,0.29994744,0.30317688,2.0308838,1.9986572,site_2
2011-03-01,60.322,24.519,0.00093078613,2.3412857,0.44077396,271.37793,2.0,0.30704898,0.303918,0.29868323,0.30308533,2.1635742,2.0356445,site_2
2011-04-01,60.322,24.519,0.0012874603,1.2714005,-0.2525425,278.094,2.0,0.34563494,0.34974182,0.35236013,0.31956482,2.4172363,2.106079,site_2
2011-05-01,60.322,24.519,0.0013904572,0.61334705,1.361517,282.79346,2.0,0.2616005,0.25610298,0.30858392,0.3327179,2.838623,2.2231445,site_2
2011-06-01,60.322,24.519,0.0016975403,0.0009660721,0.9815893,289.5078,2.0,0.23159647,0.21495092,0.24429506,0.3262329,3.4456787,2.3912354,site_2
2011-07-01,60.322,24.519,0.003408432,-1.0019512,0.44824982,293.1267,2.0,0.24884313,0.21992034,0.21484244,0.3173828,3.5064697,2.4060059,site_2
2011-08-01,60.322,24.519,0.003156662,0.067495346,0.8986263,289.68408,2.0,0.30593318,0.28826147,0.20901376,0.30908203,3.1293945,2.3034668,site_2
2011-09-01,60.322,24.519,0.002822876,1.693922,0.8413696,286.1411,2.0,0.3374958,0.330226,0.26068103,0.30444336,2.7786865,2.2059326,site_2
2011-10-01,60.322,24.519,0.0016174316,2.3093138,1.1428099,281.0432,2.0,0.3278907,0.3268091,0.3081621,0.30358887,2.5510254,2.140625,site_2
2011-11-01,60.322,24.519,0.0010719299,2.1219902,0.6215029,277.91235,2.0,0.32078356,0.32193083,0.31520414,0.30523682,2.2895508,2.0697021,site_2
2011-12-01,60.322,24.519,0.004350662,2.0726662,3.3826017,275.49463,2.0,0.35682094,0.35758108,0.34615117,0.31280518,2.1812744,2.0378418,site_2
2012-01-01,60.322,24.519,0.0028457642,-1.1931849,0.3508501,268.63306,2.0,0.33821297,0.34186023,0.3555618,0.33685303,2.0344238,1.9993896,site_2
2012-02-01,60.322,24.519,0.0024604797,-0.09582806,1.0559072,265.4641,2.0,0.31285906,0.31080234,0.33784014,0.3427124,2.0319824,1.9990234,site_2
2012-03-01,60.322,24.519,0.001203537,1.6732578,-1.3284922,273.00732,2.0,0.35388112,0.34986645,0.33767098,0.34265137,2.1641846,2.0357666,site_2
2012-04-01,60.322,24.519,0.002026558,0.16547966,0.85627174,276.59424,2.0,0.35320288,0.35509264,0.36475337,0.35995483,2.4172363,2.106079,site_2
2012-05-01,60.322,24.519,0.0015411377,0.80382633,0.7018223,283.40527,2.0,0.29565454,0.29594028,0.3254413,0.36001587,2.838623,2.2231445,site_2
2012-06-01,60.322,24.519,0.0031738281,0.8365879,0.8951864,286.06787,2.0,0.28464955,0.2711569,0.25837207,0.34877014,3.4456787,2.3912354,site_2
2012-07-01,60.322,24.519,0.0022239685,1.2095804,1.5233755,290.31665,2.0,0.28745157,0.27835536,0.22504735,0.33511353,3.5064697,2.4060059,site_2
2012-08-01,60.322,24.519,0.0017108917,0.2582674,0.4304247,288.55347,2.0,0.25814897,0.24303788,0.22301865,0.3243866,3.1293945,2.3034668,site_2
2012-09-01,60.322,24.519,0.0046596527,1.8530588,1.3305941,285.04517,2.0,0.33384794,0.3199817,0.2522992,0.31730652,2.7786865,2.2059326,site_2
2012-10-01,60.322,24.519,0.003293991,0.71262646,0.8392811,279.2578,2.0,0.35089618,0.35460842,0.3500967,0.32307434,2.5510254,2.140625,site_2
2012-11-01,60.322,24.519,0.002746582,0.859313,1.2560177,276.74243,2.0,0.34094083,0.3432889,0.35072076,0.34231567,2.2895508,2.0697021,site_2
2012-12-01,60.322,24.519,0.002711296,-2.2638216,1.0323544,266.86255,2.0,0.31386477,0.3159237,0.3348028,0.34423828,2.1812744,2.0378418,site_2
2013-01-01,60.322,24.519,0.0016613007,0.83555317,0.14819527,267.43115,2.0,0.33055925,0.33263457,0.34769,0.34526062,2.0344238,1.9993896,site_2
2013-02-01,60.322,24.519,0.0015563965,-0.33257198,0.077635765,270.5752,2.0,0.31018883,0.31281543,0.32910484,0.34547424,2.0308838,1.9986572,site_2
2013-03-01,60.322,24.519,0.000541687,-0.059905052,-0.9617348,266.65552,2.0,0.30525202,0.30657578,0.30663896,0.34248352,2.1635742,2.0356445,site_2
2013-04-01,60.322,24.519,0.0013980865,1.3640003,1.2495289,275.3047,2.0,0.33903873,0.33715534,0.32492787,0.34407043,2.4172363,2.106079,site_2
2013-05-01,60.322,24.519,0.00095558167,-1.0736504,0.37135315,285.3772,2.0,0.2789237,0.28333575,0.3183682,0.35469055,2.838623,2.2231445,site_2
2013-06-01,60.322,24.519,0.0025539398,0.42806244,1.1580629,289.88916,2.0,0.24284953,0.22635847,0.23953384,0.3431244,3.4456787,2.3912354,site_2
2013-07-01,60.322,24.519,0.001335144,1.0108194,-0.6559181,290.5581,2.0,0.2328834,0.21429896,0.20577234,0.32963562,3.5064697,2.4060059,site_2
2013-08-01,60.322,24.519,0.0026130676,1.2073679,0.73011684,289.85645,2.0,0.27154303,0.24884123,0.19826913,0.31826782,3.1293945,2.3034668,site_2
2013-09-01,60.322,24.519,0.0013122559,-0.8674164,-0.62114906,284.98364,2.0,0.27079326,0.2524227,0.2053051,0.31033325,2.7786865,2.2059326,site_2
2013-10-01,60.322,24.519,0.0018997192,2.439207,1.0351629,279.99976,2.0,0.29346532,0.28062505,0.22558975,0.30503845,2.5510254,2.140625,site_2
2013-11-01,60.322,24.519,0.0028495789,2.4312048,1.2411623,276.94824,2.0,0.3469062,0.34406728,0.2946157,0.3027649,2.2895508,2.0697021,site_2
2013-12-01,60.322,24.519,0.0022697449,2.4982328,1.9600782,274.83545,2.0,0.34203887,0.341237,0.3328681,0.3072815,2.1812744,2.0378418,site_2
2014-01-01,60.322,24.519,0.0016498566,-1.6407976,0.3547783,266.1853,2.0,0.34434992,0.33780742,0.35246325,0.32254028,2.0344238,1.9993896,site_2
2014-02-01,60.322,24.519,0.0021095276,0.0060167313,2.868431,272.80493,2.0,0.3496412,0.3428132,0.3405543,0.3327179,2.0308838,1.9986572,site_2
2014-03-01,60.322,24.519,0.0010299683,1.3223314,0.5079689,274.66626,2.0,0.32717013,0.33132315,0.34002668,0.33706665,2.1635742,2.0356445,site_2
2014-04-01,60.322,24.519,0.00068473816,1.1574812,0.40316486,278.2395,2.0,0.27501327,0.28157896,0.29598945,0.3356781,2.4172363,2.106079,site_2
2014-05-01,60.322,24.519,0.002325058,0.057634354,0.09184933,283.18677,2.0,0.26139152,0.2394293,0.23030919,0.32829285,2.838623,2.2231445,site_2
2014-06-01,60.322,24.519,0.0026779175,0.22959805,-0.79103184,286.2627,2.0,0.27525103,0.24723119,0.2242676,0.31922913,3.4456787,2.3912354,site_2
2014-07-01,60.322,24.519,0.0011806488,-0.36664486,0.7477169,292.65234,2.0,0.20615017,0.21085036,0.21257526,0.31140137,3.5064697,2.4060059,site_2
2014-08-01,60.322,24.519,0.0040740967,0.4556942,1.2788525,290.25366,2.0,0.26959795,0.23013347,0.19531399,0.3026886,3.1293945,2.3034668,site_2
2014-09-01,60.322,24.519,0.0014476776,0.8861084,0.46597862,285.47754,2.0,0.28815264,0.2817253,0.2408719,0.2980957,2.7786865,2.2059326,site_2
2014-10-01,60.322,24.519,0.0010681152,-0.30399418,1.3763208,279.3501,2.0,0.30840164,0.30232584,0.25610322,0.2953949,2.5510254,2.140625,site_2
2014-11-01,60.322,24.519,0.0014801025,-0.71867466,1.1717081,275.8308,2.0,0.31381333,0.308223,0.28123266,0.29431152,2.2895508,2.0697021,site_2
2014-12-01,60.322,24.519,0.0026721954,1.8512487,1.8078909,272.46484,2.0,0.3327396,0.32824314,0.30300194,0.29457092,2.1812744,2.0378418,site_2
2015-01-01,60.322,24.519,0.002746582,1.000103,1.5808315,271.58496,2.0,0.34335285,0.34458822,0.33466893,0.30271912,2.0344238,1.9993896,site_2
2015-02-01,60.322,24.519,0.0017719269,1.8553009,1.7841673,272.97314,2.0,0.3475861,0.34614772,0.34340727,0.31367493,2.0308838,1.9986572,site_2
2015-03-01,60.322,24.519,0.0018787384,-0.018938065,1.4770489,274.37305,2.0,0.36696976,0.36783028,0.37061423,0.34854126,2.1635742,2.0356445,site_2
2015-04-01,60.322,24.519,0.0019664764,1.6204433,-1.032731,277.82422,2.0,0.34428054,0.34567595,0.35464782,0.3728943,2.4172363,2.106079,site_2
2015-05-01,60.322,24.519,0.0018863678,1.1691704,1.8703384,282.03784,2.0,0.31640637,0.32060498,0.3090254,0.3630829,2.838623,2.2231445,site_2
2015-06-01,60.322,24.519,0.0022220612,2.3628254,1.6336622,286.08374,2.0,0.264112,0.2419436,0.24650472,0.3487091,3.4456787,2.3912354,site_2
2015-07-01,60.322,24.519,0.0030574799,1.3371544,0.7215891,288.89746,2.0,0.28088713,0.25412792,0.21142864,0.33416748,3.5064697,2.4060059,site_2
2015-08-01,60.322,24.519,0.0012378693,0.8854189,0.3352089,289.82373,2.0,0.22464484,0.22396696,0.20624042,0.3224945,3.1293945,2.3034668,site_2
2015-09-01,60.322,24.519,0.0018577576,-0.14468193,0.47137642,285.8484,2.0,0.2963382,0.27482855,0.21586645,0.31401062,2.7786865,2.2059326,site_2
2015-10-01,60.322,24.519,0.0004234314,1.4338579,-0.3082342,278.65527,2.0,0.27623576,0.26920223,0.2310245,0.30877686,2.5510254,2.140625,site_2
2015-11-01,60.322,24.519,0.0027618408,1.7468929,1.7455587,277.77637,2.0,0.3282736,0.3143624,0.24530256,0.30491638,2.2895508,2.0697021,site_2
2015-12-01,60.322,24.519,0.0016460419,3.6155605,1.1287165,275.77393,2.0,0.34009653,0.3402999,0.3151849,0.3045349,2.1812744,2.0378418,site_2
2016-01-01,60.322,24.519,0.0016899109,-0.2517624,-0.352067,263.33423,2.0,0.33700585,0.3276946,0.3225398,0.30827332,2.0344238,1.9993896,site_2
2016-02-01,60.322,24.519,0.0033493042,1.1380672,2.2249613,272.5188,2.0,0.3463645,0.35071683,0.35839498,0.32833862,2.0319824,1.9990234,site_2
2016-03-01,60.322,24.519,0.0005607605,0.21288109,0.35306263,272.94556,2.0,0.34512836,0.3449508,0.344011,0.3419037,2.1641846,2.0357666,site_2
2016-04-01,60.322,24.519,0.00207901,0.48080158,0.57149124,277.3108,2.0,0.3523144,0.35263538,0.35729975,0.36668396,2.4172363,2.106079,site_2
2016-05-01,60.322,24.519,0.0008831024,0.28250504,0.5222006,286.02808,2.0,0.2597031,0.2704401,0.28967673,0.3610077,2.838623,2.2231445,site_2
2016-06-01,60.322,24.519,0.002943039,0.7328863,0.18103313,288.07715,2.0,0.22956043,0.20856947,0.21890771,0.34370422,3.4456787,2.3912354,site_2
2016-07-01,60.322,24.519,0.0024986267,1.7455769,0.35655499,290.43335,2.0,0.28272182,0.26443172,0.2104603,0.32969666,3.5064697,2.4060059,site_2
2016-08-01,60.322,24.519,0.0034484863,1.3004446,1.6322699,288.92847,2.0,0.30235666,0.27750212,0.21997422,0.31976318,3.1293945,2.3034668,site_2
2016-09-01,60.322,24.519,0.0013046265,1.6147003,0.02062416,285.63794,2.0,0.29144812,0.29330903,0.2559697,0.31393433,2.7786865,2.2059326,site_2
2016-10-01,60.322,24.519,0.0007286072,-1.4953928,-0.77503014,277.96826,2.0,0.29151708,0.28832108,0.26654887,0.31056213,2.5510254,2.140625,site_2
2016-11-01,60.322,24.519,0.0022964478,-0.23334503,-0.03922558,272.7119,2.0,0.32475853,0.32124364,0.28967154,0.30851746,2.2895508,2.0697021,site_2
2016-12-01,60.322,24.519,0.0006580353,3.0811224,-0.24243546,272.68433,2.0,0.33981264,0.33676982,0.32352614,0.30976868,2.1812744,2.0378418,site_2
1999-01-01,62.192,25.861,0.0016336441,-0.14503002,0.7481308,263.9209,2.0,0.36957473,0.3673184,0.36117935,0.38368225,1.9776611,2.770996,site_3
1999-02-01,62.192,25.861,0.0020542145,-0.78966236,0.92182064,263.1997,2.0,0.37111825,0.3658446,0.35896844,0.38139343,1.9986572,2.7736816,site_3
1999-03-01,62.192,25.861,0.0013370514,-0.7854471,1.6183586,270.23462,2.0,0.35928488,0.3611501,0.348875,0.37854004,2.0793457,2.7781982,site_3
1999-04-01,62.192,25.861,0.0013103485,0.1406269,0.82103443,277.40918,2.0,0.3916821,0.39557272,0.39466524,0.38320923,2.4368896,2.802002,site_3
1999-05-01,62.192,25.861,0.0012493134,0.65171814,-0.5313368,279.93774,2.0,0.30145496,0.3017879,0.34544754,0.38586426,2.954834,2.838501,site_3
1999-06-01,62.192,25.861,0.0018348694,0.6266737,1.0204992,291.25244,2.0,0.2728874,0.25714356,0.27491176,0.37701416,3.7001953,2.8944092,site_3
1999-07-01,62.192,25.861,0.0026817322,1.8999548,0.9364624,290.64868,2.0,0.27477443,0.23685604,0.22578919,0.36442566,4.0704346,2.9179688,site_3
1999-08-01,62.192,25.861,0.0015983582,0.70042133,-0.31194115,286.6587,2.0,0.27129078,0.2509687,0.22665387,0.35334778,3.7753906,2.8983154,site_3
1999-09-01,62.192,25.861,0.0009765625,0.2519474,0.78972435,284.27563,2.0,0.27207142,0.25868684,0.23357952,0.34561157,3.1071777,2.8502197,site_3
1999-10-01,62.192,25.861,0.0034770966,0.8278551,0.6424227,278.64258,2.0,0.3836283,0.37252855,0.29918033,0.34109497,2.7788086,2.8278809,site_3
1999-11-01,62.192,25.861,0.0014152527,0.756052,1.599205,273.36035,2.0,0.36288226,0.3603465,0.3452434,0.34072876,2.3208008,2.7971191,site_3
1999-12-01,62.192,25.861,0.003112793,0.5301304,0.74202824,268.0581,2.0,0.37277722,0.36964858,0.35996908,0.34313965,2.1428223,2.784546,site_3
2000-01-01,62.192,25.861,0.0015192032,1.8077822,0.7497444,267.63477,2.0,0.36019474,0.35895818,0.34439152,0.32977295,1.9776611,2.770996,site_3
2000-02-01,62.192,25.861,0.0011396408,1.4396467,1.5550804,268.7527,2.0,0.3520257,0.35049868,0.34594697,0.3323059,1.9990234,2.7736816,site_3
2000-03-01,62.192,25.861,0.0013160706,2.0258703,-0.045254707,270.53345,2.0,0.36586452,0.3642487,0.35317326,0.3347931,2.0794678,2.7781982,site_3
2000-04-01,62.192,25.861,0.0013065338,-0.074840546,0.8975916,277.062,2.0,0.39328384,0.39617622,0.3868959,0.3464508,2.4368896,2.802002,site_3
2000-05-01,62.192,25.861,0.0014896393,0.8920727,0.4481535,282.7146,2.0,0.29751283,0.30419838,0.36092126,0.365036,2.954834,2.838501,site_3
2000-06-01,62.192,25.861,0.002445221,1.2931576,0.6448431,286.94897,2.0,0.33731133,0.33179867,0.31755596,0.3617859,3.7001953,2.8944092,site_3
2000-07-01,62.192,25.861,0.0032806396,-1.2939653,0.2266531,289.77856,2.0,0.32299542,0.3004589,0.27515948,0.35533142,4.0704346,2.9179688,site_3
2000-08-01,62.192,25.861,0.0022659302,1.131918,0.75974464,287.3501,2.0,0.36395627,0.35812652,0.29951888,0.3497162,3.7753906,2.8983154,site_3
2000-09-01,62.192,25.861,0.00083351135,1.042614,0.24276066,281.77075,2.0,0.3191467,0.3194018,0.30952197,0.34661865,3.1071777,2.8502197,site_3
2000-10-01,62.192,25.861,0.0020217896,-0.31057167,2.0016365,280.50415,2.0,0.33933592,0.32638687,0.29287112,0.335083,2.7788086,2.8278809,site_3
2000-11-01,62.192,25.861,0.003370285,-1.381691,2.1222649,275.21582,2.0,0.390217,0.389184,0.3547917,0.33587646,2.3208008,2.7971191,site_3
2000-12-01,62.192,25.861,0.0021762848,-0.0901413,1.0850544,271.8391,2.0,0.3847872,0.38807434,0.38842988,0.34829712,2.1428223,2.784546,site_3
2001-01-01,62.192,25.861,0.0010375977,0.42541695,0.8445301,268.81958,2.0,0.34857774,0.3516981,0.37451452,0.36021423,1.9776611,2.770996,site_3
2001-02-01,62.192,25.861,0.001958847,0.13441372,-0.5755358,262.8601,2.0,0.36859584,0.36602944,0.36832923,0.3630829,1.9986572,2.7736816,site_3
2001-03-01,62.192,25.861,0.001083374,0.61797714,-0.2055664,267.01196,2.0,0.36067247,0.3614661,0.36287737,0.3640442,2.0793457,2.7781982,site_3
2001-04-01,62.192,25.861,0.0018863678,0.075624466,0.8800335,277.69678,2.0,0.38803977,0.38597935,0.37422997,0.36601257,2.4368896,2.802002,site_3
2001-05-01,62.192,25.861,0.0018863678,0.83581734,-1.1516361,281.0974,2.0,0.35684484,0.3605783,0.36982596,0.36886597,2.954834,2.838501,site_3
2001-06-01,62.192,25.861,0.003818512,0.013272285,0.25283813,287.02148,2.0,0.35787904,0.3647359,0.3664605,0.36842346,3.7001953,2.8944092,site_3
2001-07-01,62.192,25.861,0.0028324127,0.67009544,1.3732738,291.8706,2.0,0.3114009,0.3116625,0.33853966,0.3673401,4.0704346,2.9179688,site_3
2001-08-01,62.192,25.861,0.0015678406,0.67364883,0.8391056,288.10083,2.0,0.33272642,0.32704765,0.31243068,0.36242676,3.7753906,2.8983154,site_3
2001-09-01,62.192,25.861,0.0024986267,-1.161046,1.023097,283.86206,2.0,0.36424536,0.35926747,0.3255424,0.35835266,3.1071777,2.8502197,site_3
2001-10-01,62.192,25.861,0.0027866364,0.86098194,0.8846607,279.0459,2.0,0.37846845,0.37565887,0.35291678,0.35212708,2.7788086,2.8278809,site_3
2001-11-01,62.192,25.861,0.0015220642,0.7346659,0.015292168,270.68457,2.0,0.37579978,0.37771374,0.3818766,0.3587036,2.3208008,2.7971191,site_3
2001-12-01,62.192,25.861,0.0010089874,0.12520885,-0.08326721,262.31982,2.0,0.34633982,0.34738237,0.36869055,0.3645172,2.1428223,2.784546,site_3
2002-01-01,62.192,25.861,0.0024700165,1.7433548,0.12488747,266.63574,2.0,0.36439866,0.36104143,0.36030704,0.36486816,1.9776611,2.770996,site_3
2002-02-01,62.192,25.861,0.0017108917,1.208662,1.6083412,270.43262,2.0,0.37774247,0.37837875,0.37105155,0.36566162,1.9986572,2.7736816,site_3
2002-03-01,62.192,25.861,0.0010375977,1.2023754,0.38741875,271.36206,2.0,0.3774717,0.3776248,0.37107968,0.36740112,2.0793457,2.7781982,site_3
2002-04-01,62.192,25.861,0.00051498413,0.0021400452,0.55034924,276.93213,2.0,0.37046772,0.37408245,0.38080633,0.37251282,2.4368896,2.802002,site_3
2002-05-01,62.192,25.861,0.0013751984,0.26298904,-0.17683315,283.9602,2.0,0.33233213,0.34292406,0.36152643,0.3728485,2.954834,2.838501,site_3
2002-06-01,62.192,25.861,0.0034236908,0.35074997,0.27947235,289.0205,2.0,0.28954327,0.2694952,0.2969275,0.36779785,3.7001953,2.8944092,site_3
2002-07-01,62.192,25.861,0.0034160614,0.46191025,1.3673573,291.57202,2.0,0.35515392,0.3590045,0.32932872,0.36190796,4.0704346,2.9179688,site_3
2002-08-01,62.192,25.861,0.0010032654,0.75249004,-0.23995209,290.58813,2.0,0.26429802,0.27457422,0.30622518,0.3574829,3.7753906,2.8983154,site_3
2002-09-01,62.192,25.861,0.0011825562,1.4584408,-0.6334076,282.1919,2.0,0.3202905,0.30727464,0.3005063,0.35276794,3.1071777,2.8502197,site_3
2002-10-01,62.192,25.861,0.00048446655,-0.41002274,-1.0396423,272.24756,2.0,0.31322348,0.31252855,0.30351543,0.3550415,2.7788086,2.8278809,site_3
2002-11-01,62.192,25.861,0.0020141602,-0.88215065,-0.73721504,267.60547,2.0,0.3161651,0.31045157,0.30856568,0.35198975,2.3208008,2.7971191,site_3
2002-12-01,62.192,25.861,0.0005493164,0.7597256,-0.5438671,262.1189,2.0,0.31289858,0.31111902,0.3104993,0.34921265,2.1428223,2.784546,site_3
2003-01-01,62.192,25.861,0.0015068054,0.93369293,0.25337982,259.69287,2.0,0.32526308,0.3198995,0.31365573,0.34674072,1.9776611,2.770996,site_3
2003-02-01,62.192,25.861,0.00045394897,1.1211672,0.86807823,266.35913,2.0,0.3259164,0.32672167,0.32124674,0.3453827,1.9986572,2.7736816,site_3
2003-03-01,62.192,25.861,0.0005874634,2.0619974,0.77383995,271.78516,2.0,0.35621297,0.34472674,0.31691146,0.34413147,2.0793457,2.7781982,site_3
2003-04-01,62.192,25.861,0.0008506775,-0.8370447,-0.7125864,273.9934,2.0,0.38812983,0.38892013,0.35608166,0.34458923,2.4368896,2.802002,site_3
2003-05-01,62.192,25.861,0.0030212402,0.96703815,1.0524511,282.80078,2.0,0.37926596,0.38004792,0.3763768,0.35279846,2.954834,2.838501,site_3
2003-06-01,62.192,25.861,0.0025100708,-0.47683048,-0.9844208,285.46973,2.0,0.36500746,0.36831194,0.37414747,0.3587494,3.7001953,2.8944092,site_3
2003-07-01,62.192,25.861,0.0028152466,-0.5063324,0.18392467,292.64624,2.0,0.34277838,0.33872896,0.34481674,0.35943604,4.0704346,2.9179688,site_3
2003-08-01,62.192,25.861,0.0021343231,0.251441,-0.99962044,287.7119,2.0,0.35487318,0.3481878,0.3299458,0.35639954,3.7753906,2.8983154,site_3
2003-09-01,62.192,25.861,0.0010223389,1.5404072,0.99192524,283.36206,2.0,0.33843672,0.33911246,0.33497345,0.3544922,3.1071777,2.8502197,site_3
2003-10-01,62.192,25.861,0.0030651093,0.6984272,-0.20303154,275.68286,2.0,0.3808393,0.38212472,0.38098496,0.3528595,2.7788086,2.8278809,site_3
2003-11-01,62.192,25.861,0.0016555786,0.21593666,1.0976715,273.79224,2.0,0.37601548,0.37628108,0.3802691,0.3651123,2.3208008,2.7971191,site_3
2003-12-01,62.192,25.861,0.001996994,1.5948496,0.58448505,269.45923,2.0,0.3810023,0.37821263,0.38413948,0.37219238,2.1428223,2.784546,site_3
2004-01-01,62.192,25.861,0.0010118484,-0.09760857,1.1465263,263.79688,2.0,0.3586995,0.36312127,0.37768042,0.37550354,1.9776611,2.770996,site_3
2004-02-01,62.192,25.861,0.0015487671,0.6654167,0.53899574,266.54468,2.0,0.3493476,0.35036772,0.36671007,0.37547302,1.9990234,2.7736816,site_3
2004-03-01,62.192,25.861,0.0014190674,0.31237411,-0.16353321,271.0857,2.0,0.36261058,0.36088955,0.35859692,0.37446594,2.0794678,2.7781982,site_3
2004-04-01,62.192,25.861,0.00031280518,-0.18428707,0.58494186,276.18677,2.0,0.3925653,0.39310604,0.379601,0.377594,2.4368896,2.802002,site_3
2004-05-01,62.192,25.861,0.0020771027,0.4671898,-0.13118649,281.78052,2.0,0.33497256,0.33444643,0.36450642,0.3864746,2.954834,2.838501,site_3
2004-06-01,62.192,25.861,0.0033950806,0.6636381,-0.11715317,285.6765,2.0,0.3577968,0.35362095,0.32760197,0.3809967,3.7001953,2.8944092,site_3
2004-07-01,62.192,25.861,0.005290985,-0.42836666,0.5088167,289.40942,2.0,0.37298357,0.37457347,0.3543988,0.3759613,4.0704346,2.9179688,site_3
2004-08-01,62.192,25.861,0.002822876,0.1588068,0.5027065,288.25098,2.0,0.37966913,0.3803935,0.39030343,0.3802185,3.7753906,2.8983154,site_3
2004-09-01,62.192,25.861,0.0037078857,1.2467613,1.1782532,284.21924,2.0,0.3958304,0.39930183,0.40219373,0.3880005,3.1071777,2.8502197,site_3
2004-10-01,62.192,25.861,0.000957489,0.18727684,0.68190193,277.0271,2.0,0.37198365,0.37383598,0.395415,0.3928833,2.7788086,2.8278809,site_3
2004-11-01,62.192,25.861,0.0011196136,1.6340418,0.59526634,271.30103,2.0,0.37192935,0.37446195,0.37741864,0.39283752,2.3208008,2.7971191,site_3
2004-12-01,62.192,25.861,0.0023488998,1.3195219,1.5999966,270.17188,2.0,0.37595218,0.3716852,0.36174822,0.38983154,2.1428223,2.784546,site_3
2005-01-01,62.192,25.861,0.002796173,0.27089214,1.6532574,269.74414,2.0,0.3754437,0.37528175,0.36326462,0.38671875,1.9776611,2.770996,site_3
2005-02-01,62.192,25.861,0.00078201294,-0.37369347,0.98422146,265.75684,2.0,0.35690403,0.36033177,0.36029553,0.3842163,1.9986572,2.7736816,site_3
2005-03-01,62.192,25.861,0.00024032593,0.15189362,-1.3172493,265.54858,2.0,0.35108268,0.34964895,0.3439455,0.38104248,2.0793457,2.7781982,site_3
2005-04-01,62.192,25.861,0.0005722046,0.46118736,0.038057327,276.1775,2.0,0.38560337,0.39003915,0.3915785,0.38708496,2.4368896,2.802002,site_3
2005-05-01,62.192,25.861,0.0017261505,0.6786938,0.5934372,281.9087,2.0,0.33546704,0.3330639,0.3436491,0.3915558,2.954834,2.838501,site_3
2005-06-01,62.192,25.861,0.0028057098,0.08814144,-0.088858604,287.39404,2.0,0.3099203,0.29687124,0.2763945,0.38160706,3.7001953,2.8944092,site_3
2005-07-01,62.192,25.861,0.00415802,-0.0825901,0.0228014,291.3921,2.0,0.29770422,0.29527396,0.2457636,0.36854553,4.0704346,2.9179688,site_3
2005-08-01,62.192,25.861,0.003818512,0.122873306,1.2199097,288.41138,2.0,0.3828714,0.37542468,0.30470997,0.3603058,3.7753906,2.8983154,site_3
2005-09-01,62.192,25.861,0.0012645721,2.1789122,1.9270649,284.0105,2.0,0.3451382,0.34565115,0.3332203,0.35720825,3.1071777,2.8502197,site_3
2005-10-01,62.192,25.861,0.0011558533,1.1263695,1.4668894,278.88574,2.0,0.35540426,0.35487324,0.33244097,0.35369873,2.7788086,2.8278809,site_3
2005-11-01,62.192,25.861,0.0022850037,1.353899,2.1956434,276.18604,2.0,0.37512594,0.3732608,0.35576427,0.35388184,2.3208008,2.7971191,site_3
2005-12-01,62.192,25.861,0.0014677048,-0.15271854,-0.15102959,267.0476,2.0,0.35758835,0.35992914,0.36358798,0.35673523,2.1428223,2.784546,site_3
2006-01-01,62.192,25.861,0.0008087158,0.89626694,0.6726999,266.17798,2.0,0.34934312,0.34992915,0.35725212,0.35762024,1.9776611,2.770996,site_3
2006-02-01,62.192,25.861,0.0007572174,-0.18026638,0.53689003,261.5608,2.0,0.34588796,0.34860033,0.35711235,0.35769653,1.9986572,2.7736816,site_3
2006-03-01,62.192,25.861,0.0009803772,-0.32397175,-0.6375704,264.44995,2.0,0.3390882,0.34167218,0.34862763,0.3576355,2.0793457,2.7781982,site_3
2006-04-01,62.192,25.861,0.0017986298,-0.45893574,1.5632133,275.88818,2.0,0.40497988,0.3996089,0.37686682,0.36114502,2.4368896,2.802002,site_3
2006-05-01,62.192,25.861,0.0015773773,0.18857956,0.5526867,282.50195,2.0,0.32217002,0.32612705,0.36902696,0.38275146,2.954834,2.838501,site_3
2006-06-01,62.192,25.861,0.0011405945,1.3703194,0.40077972,288.8589,2.0,0.26404136,0.27512133,0.30698657,0.37722778,3.7001953,2.8944092,site_3
2006-07-01,62.192,25.861,0.0008773804,1.3169241,-0.2375269,290.57886,2.0,0.21355408,0.20514816,0.24546295,0.36627197,4.0704346,2.9179688,site_3
2006-08-01,62.192,25.861,0.0015506744,-1.4302216,-0.2710104,290.7683,2.0,0.20926386,0.1885727,0.2273876,0.35488892,3.7753906,2.8983154,site_3
2006-09-01,62.192,25.861,0.0018348694,1.1493683,0.39637375,285.1919,2.0,0.31422567,0.2949702,0.23948288,0.34681702,3.1071777,2.8502197,site_3
2006-10-01,62.192,25.861,0.0038013458,0.04185486,0.1674509,278.30396,2.0,0.37232727,0.35873032,0.2771172,0.34561157,2.7788086,2.8278809,site_3
2006-11-01,62.192,25.861,0.0018348694,-0.01028347,1.2721004,272.50293,2.0,0.38053858,0.37827605,0.35370666,0.34455872,2.3208008,2.7971191,site_3
2006-12-01,62.192,25.861,0.0019512177,2.636735,1.6271248,274.5564,2.0,0.38765162,0.39078993,0.39401507,0.35784912,2.1428223,2.784546,site_3
2007-01-01,62.192,25.861,0.0022449493,0.8845959,0.75686646,267.47485,2.0,0.37333268,0.37466234,0.38126105,0.3710785,1.9776611,2.770996,site_3
2007-02-01,62.192,25.861,0.00077056885,-0.48098278,0.39703083,259.55127,2.0,0.35067147,0.35444385,0.36993933,0.37297058,1.9986572,2.7736816,site_3
2007-03-01,62.192,25.861,0.0010433197,0.611331,1.1210308,274.5686,2.0,0.3899597,0.3872906,0.37552744,0.37347412,2.0793457,2.7781982,site_3
2007-04-01,62.192,25.861,0.0012989044,1.9118977,-0.68408394,276.79077,2.0,0.35595506,0.3581698,0.37411684,0.3773346,2.4368896,2.802002,site_3
2007-05-01,62.192,25.861,0.0021533966,0.91497517,0.6675892,282.76514,2.0,0.34353536,0.3369987,0.3402391,0.3751526,2.954834,2.838501,site_3
2007-06-01,62.192,25.861,0.0021152496,0.31343746,-0.51075554,287.8247,2.0,0.2867781,0.27734828,0.28532463,0.36865234,3.7001953,2.8944092,site_3
2007-07-01,62.192,25.861,0.0047187805,-0.08929443,0.14731789,289.51636,2.0,0.3563707,0.33943087,0.2792452,0.36045837,4.0704346,2.9179688,site_3
2007-08-01,62.192,25.861,0.002609253,0.5881338,0.94286823,289.2644,2.0,0.3401549,0.3390289,0.30942452,0.3551178,3.7753906,2.8983154,site_3
2007-09-01,62.192,25.861,0.0021686554,0.6806488,1.2662392,282.2859,2.0,0.3825441,0.38226342,0.34925622,0.35272217,3.1071777,2.8502197,site_3
2007-10-01,62.192,25.861,0.0014743805,0.9160147,1.0569496,278.6936,2.0,0.3738293,0.37527055,0.37229896,0.3561554,2.7788086,2.8278809,site_3
2007-11-01,62.192,25.861,0.0016727448,0.25092602,0.5251188,271.6455,2.0,0.3764019,0.3783548,0.37622732,0.36192322,2.3208008,2.7971191,site_3
2007-12-01,62.192,25.861,0.0017328262,1.3348379,1.6277714,273.20947,2.0,0.37772697,0.37811136,0.3787738,0.36717224,2.1428223,2.784546,site_3
2008-01-01,62.192,25.861,0.0021152496,-0.024046898,2.065446,270.3037,2.0,0.38341308,0.3835382,0.38185948,0.36653137,1.9776611,2.770996,site_3
2008-02-01,62.192,25.861,0.0017528534,1.1418734,0.68430233,270.6787,2.0,0.37118292,0.37319732,0.37860894,0.37197876,1.9990234,2.7736816,site_3
2008-03-01,62.192,25.861,0.0017795563,-0.5561285,-0.011707306,269.94824,2.0,0.37635463,0.37870014,0.38231438,0.37472534,2.0794678,2.7781982,site_3
2008-04-01,62.192,25.861,0.0017538071,-0.5719929,0.22003555,277.02783,2.0,0.3889072,0.39501607,0.40854138,0.4024353,2.4368896,2.802002,site_3
2008-05-01,62.192,25.861,0.0010890961,0.4184332,-0.99643517,281.94165,2.0,0.29802245,0.2991277,0.3330049,0.40437317,2.954834,2.838501,site_3
2008-06-01,62.192,25.861,0.004421234,0.6902342,0.47849464,286.3733,2.0,0.3379057,0.3270108,0.28987586,0.3886261,3.7001953,2.8944092,site_3
2008-07-01,62.192,25.861,0.0025405884,0.81040955,-0.22119236,288.43506,2.0,0.35260457,0.35081965,0.31550926,0.3789215,4.0704346,2.9179688,site_3
2008-08-01,62.192,25.861,0.0048065186,-0.36515713,-0.29232883,286.0564,2.0,0.37359822,0.37493038,0.34381312,0.37290955,3.7753906,2.8983154,site_3
2008-09-01,62.192,25.861,0.0007839203,0.09284973,0.16034985,281.08887,2.0,0.3584935,0.36503273,0.3782668,0.37513733,3.1071777,2.8502197,site_3
2008-10-01,62.192,25.861,0.0032176971,1.2479401,1.9241257,279.3064,2.0,0.3883415,0.38666385,0.37708122,0.37564087,2.7788086,2.8278809,site_3
2008-11-01,62.192,25.861,0.0027980804,0.76110363,1.0531416,273.81104,2.0,0.38908076,0.39199018,0.4059043,0.39015198,2.3208008,2.7971191,site_3
2008-12-01,62.192,25.861,0.0019168854,0.23155403,1.2637825,271.77124,2.0,0.37046182,0.3725322,0.38786173,0.39639282,2.1428223,2.784546,site_3
2009-01-01,62.192,25.861,0.0012245178,0.71093464,-0.0013513565,266.0691,2.0,0.37192124,0.3686415,0.37020153,0.39370728,1.9776611,2.770996,site_3
2009-02-01,62.192,25.861,0.0011444092,-0.14992046,0.7455559,266.1006,2.0,0.3491606,0.3512848,0.3533529,0.39012146,1.9986572,2.7736816,site_3
2009-03-01,62.192,25.861,0.00067710876,-0.19050312,0.20037746,269.83398,2.0,0.3427667,0.34072495,0.33436364,0.3846588,2.0793457,2.7781982,site_3
2009-04-01,62.192,25.861,0.0008792877,0.80229855,0.13976288,275.5254,2.0,0.3899476,0.38437355,0.3452205,0.3794403,2.4368896,2.802002,site_3
2009-05-01,62.192,25.861,0.0012073517,0.7324476,0.25854015,283.8479,2.0,0.3209507,0.31911868,0.3261944,0.37542725,2.954834,2.838501,site_3
2009-06-01,62.192,25.861,0.0022563934,-0.47721004,-0.58021545,286.34326,2.0,0.29170728,0.27927923,0.27311116,0.3678589,3.7001953,2.8944092,site_3
2009-07-01,62.192,25.861,0.003227234,0.19727325,0.55019855,289.17017,2.0,0.31379545,0.29685235,0.24642605,0.3583374,4.0704346,2.9179688,site_3
2009-08-01,62.192,25.861,0.0019111633,0.58150196,0.44810867,288.20435,2.0,0.31619245,0.30412036,0.24408859,0.3500061,3.7753906,2.8983154,site_3
2009-09-01,62.192,25.861,0.0013866425,2.2741947,1.4630346,284.32666,2.0,0.33485305,0.323999,0.26487714,0.34410095,3.1071777,2.8502197,site_3
2009-10-01,62.192,25.861,0.0014820099,0.12827492,-0.47779274,274.5652,2.0,0.35437065,0.34589922,0.29539257,0.3406372,2.7788086,2.8278809,site_3
2009-11-01,62.192,25.861,0.0016727448,-0.44389534,1.73767,273.9712,2.0,0.3578242,0.35121363,0.32051533,0.33924866,2.3208008,2.7971191,site_3
2009-12-01,62.192,25.861,0.001367569,-0.9825802,0.22403812,264.80273,2.0,0.3552392,0.35614312,0.34738344,0.33969116,2.1428223,2.784546,site_3
2010-01-01,62.192,25.861,0.0007381439,-0.33429813,0.96466255,258.10156,2.0,0.34899813,0.33480757,0.32787186,0.33309937,1.9776611,2.770996,site_3
2010-02-01,62.192,25.861,0.0015525818,-0.73217297,1.114233,261.7849,2.0,0.34368962,0.33395028,0.32387942,0.33306885,1.9986572,2.7736816,site_3
2010-03-01,62.192,25.861,0.0014953613,0.7043638,0.10584545,269.052,2.0,0.35048586,0.34101814,0.31791282,0.33258057,2.0793457,2.7781982,site_3
2010-04-01,62.192,25.861,0.0016307831,0.6902361,0.4799595,276.6438,2.0,0.395092,0.39871097,0.3975008,0.3511505,2.4368896,2.802002,site_3
2010-05-01,62.192,25.861,0.0022468567,-0.7648525,0.1510868,283.8733,2.0,0.3516401,0.3499769,0.37228727,0.36965942,2.954834,2.838501,site_3
2010-06-01,62.192,25.861,0.0023422241,0.45926666,0.046387672,286.67358,2.0,0.3491338,0.35285908,0.3459589,0.36860657,3.7001953,2.8944092,site_3
2010-07-01,62.192,25.861,0.0016841888,0.36663055,1.3142004,294.15894,2.0,0.26058388,0.2562576,0.26323926,0.36227417,4.0704346,2.9179688,site_3
2010-08-01,62.192,25.861,0.0023155212,-0.27333355,0.56558037,289.3601,2.0,0.29906338,0.25523996,0.22650206,0.35246277,3.7753906,2.8983154,site_3
2010-09-01,62.192,25.861,0.0026474,0.14477253,0.47637463,283.22388,2.0,0.36909157,0.35918248,0.2774204,0.34587097,3.1071777,2.8502197,site_3
2010-10-01,62.192,25.861,0.0017337799,1.4224176,1.1889191,276.78882,2.0,0.36189628,0.3559246,0.32585913,0.34384155,2.7788086,2.8278809,site_3
2010-11-01,62.192,25.861,0.0018386841,-0.7023182,-0.8231697,268.83984,2.0,0.37279975,0.37454325,0.36193144,0.34529114,2.3208008,2.7971191,site_3
2010-12-01,62.192,25.861,0.000957489,-1.1035328,-0.21205616,259.82104,2.0,0.35110527,0.34508133,0.35972017,0.34931946,2.1428223,2.784546,site_3
2011-01-01,62.192,25.861,0.0019741058,0.36753464,0.6826296,265.24316,2.0,0.33442432,0.33399302,0.35098428,0.35032654,1.9776611,2.770996,site_3
2011-02-01,62.192,25.861,0.00069618225,0.24313259,-0.0061912537,258.6223,2.0,0.33174872,0.33212632,0.34959954,0.35050964,1.9986572,2.7736816,site_3
2011-03-01,62.192,25.861,0.0010633469,2.0385513,0.82407475,270.09082,2.0,0.3338129,0.32975113,0.3402024,0.3503723,2.0793457,2.7781982,site_3
2011-04-01,62.192,25.861,0.0007019043,1.2543106,-0.111429214,277.48657,2.0,0.3946004,0.398692,0.39090383,0.36271667,2.4368896,2.802002,site_3
2011-05-01,62.192,25.861,0.001531601,0.18610096,1.174017,282.52783,2.0,0.30427933,0.3041224,0.3474633,0.3804474,2.954834,2.838501,site_3
2011-06-01,62.192,25.861,0.0037174225,-0.32960033,0.76430416,289.2539,2.0,0.32334757,0.3226322,0.29361147,0.37339783,3.7001953,2.8944092,site_3
2011-07-01,62.192,25.861,0.0028648376,-0.8623028,0.11817169,292.14624,2.0,0.34511083,0.33706206,0.2857958,0.36524963,4.0704346,2.9179688,site_3
2011-08-01,62.192,25.861,0.0035743713,-0.4237156,0.6779232,288.38916,2.0,0.35489863,0.34650427,0.29087716,0.35816956,3.7753906,2.8983154,site_3
2011-09-01,62.192,25.861,0.0039463043,0.49860954,0.7144165,284.6587,2.0,0.39776802,0.39831072,0.36683643,0.35717773,3.1071777,2.8502197,site_3
2011-10-01,62.192,25.861,0.0015163422,1.59447,1.3473997,279.14282,2.0,0.38357002,0.3870508,0.3947252,0.37338257,2.7788086,2.8278809,site_3
2011-11-01,62.192,25.861,0.0010700226,1.724041,0.92472553,275.67407,2.0,0.36266893,0.36345,0.38020658,0.3802185,2.3208008,2.7971191,site_3
2011-12-01,62.192,25.861,0.0028038025,0.45889664,2.711215,273.43408,2.0,0.39040554,0.39211172,0.385763,0.3811798,2.1428223,2.784546,site_3
2012-01-01,62.192,25.861,0.0019130707,-1.4495325,0.8308306,264.48853,2.0,0.35910225,0.36366504,0.38986355,0.3892517,1.9776611,2.770996,site_3
2012-02-01,62.192,25.861,0.0014629364,-0.033816338,1.6125479,262.40747,2.0,0.33634233,0.3401755,0.35756975,0.38804626,1.9990234,2.7736816,site_3
2012-03-01,62.192,25.861,0.0012512207,1.2626133,-0.73816013,271.47412,2.0,0.36679006,0.35860974,0.3398072,0.383667,2.0794678,2.7781982,site_3
2012-04-01,62.192,25.861,0.0019216537,0.04829216,0.6721897,274.52002,2.0,0.39667517,0.39804614,0.37546504,0.38278198,2.4368896,2.802002,site_3
2012-05-01,62.192,25.861,0.00223732,0.9503107,0.5475254,282.7705,2.0,0.3579104,0.36738193,0.39076418,0.40127563,2.954834,2.838501,site_3
2012-06-01,62.192,25.861,0.0028934479,0.61637306,0.18962002,286.20068,2.0,0.33367604,0.32593596,0.33564258,0.39491272,3.7001953,2.8944092,site_3
2012-07-01,62.192,25.861,0.0050735474,0.75792027,1.1615591,290.02368,2.0,0.3715275,0.3656509,0.31484532,0.38401794,4.0704346,2.9179688,site_3
2012-08-01,62.192,25.861,0.0023880005,-0.041537285,0.45288563,287.4441,2.0,0.36734086,0.36532182,0.34171677,0.37789917,3.7753906,2.8983154,site_3
2012-09-01,62.192,25.861,0.0036373138,0.75833225,1.3569613,283.08228,2.0,0.38754362,0.38371766,0.35686767,0.374588,3.1071777,2.8502197,site_3
2012-10-01,62.192,25.861,0.0032749176,0.2765913,1.2572498,277.37305,2.0,0.39403278,0.3986758,0.40602016,0.3874054,2.7788086,2.8278809,site_3
2012-11-01,62.192,25.861,0.0015296936,0.3988638,1.2882442,274.44165,2.0,0.38624418,0.38784456,0.39701593,0.3990631,2.3208008,2.7971191,site_3
2012-12-01,62.192,25.861,0.0020475388,-1.9410677,0.9786434,262.58325,2.0,0.35329348,0.35254478,0.36660212,0.39709473,2.1428223,2.784546,site_3
2013-01-01,62.192,25.861,0.0013656616,0.91465473,0.59350777,266.16357,2.0,0.3532338,0.35042632,0.34384477,0.39100647,1.9776611,2.770996,site_3
2013-02-01,62.192,25.861,0.0010910034,-0.08110714,0.28808498,269.333,2.0,0.33747154,0.33953357,0.3350405,0.38497925,1.9986572,2.7736816,site_3
2013-03-01,62.192,25.861,0.00060653687,0.23745823,-0.60284805,264.34692,2.0,0.33911127,0.33724594,0.3226149,0.37965393,2.0793457,2.7781982,site_3
2013-04-01,62.192,25.861,0.001367569,1.0344105,1.3183765,274.96484,2.0,0.37169254,0.36846638,0.35202748,0.3757019,2.4368896,2.802002,site_3
2013-05-01,62.192,25.861,0.001045227,-0.8348808,0.5105133,285.65454,2.0,0.32213658,0.33806902,0.36998868,0.3794098,2.954834,2.838501,site_3
2013-06-01,62.192,25.861,0.0036144257,0.11214447,0.8104067,290.26025,2.0,0.315695,0.30135542,0.31057876,0.37438965,3.7001953,2.8944092,site_3
2013-07-01,62.192,25.861,0.0025100708,0.7276163,-0.6051369,289.25732,2.0,0.35098642,0.34878993,0.30728906,0.36756897,4.0704346,2.9179688,site_3
2013-08-01,62.192,25.861,0.0031585693,0.90365696,0.46742153,288.76074,2.0,0.35844183,0.35177702,0.3195765,0.36210632,3.7753906,2.8983154,site_3
2013-09-01,62.192,25.861,0.0017910004,-0.75852966,-0.1958561,283.84692,2.0,0.34669048,0.34257162,0.3388195,0.35960388,3.1071777,2.8502197,site_3
2013-10-01,62.192,25.861,0.0019702911,2.0261211,1.1362371,278.06226,2.0,0.36876744,0.36874455,0.35251236,0.35861206,2.7788086,2.8278809,site_3
2013-11-01,62.192,25.861,0.002439499,1.8252478,1.5043459,274.71973,2.0,0.39530706,0.39867848,0.39507955,0.36813354,2.3208008,2.7971191,site_3
2013-12-01,62.192,25.861,0.002166748,1.6105375,2.0079298,272.7339,2.0,0.39085174,0.39195722,0.3950324,0.38098145,2.1428223,2.784546,site_3
2014-01-01,62.192,25.861,0.0005226135,-0.72282887,0.50663376,263.8142,2.0,0.37030512,0.3676231,0.38877916,0.39222717,1.9776611,2.770996,site_3
2014-02-01,62.192,25.861,0.0013980865,-0.2093153,2.5066147,272.094,2.0,0.3702711,0.36408395,0.35535532,0.390213,1.9986572,2.7736816,site_3
2014-03-01,62.192,25.861,0.0011806488,1.4668627,0.7887306,273.76196,2.0,0.37186313,0.3739562,0.3577116,0.38650513,2.0793457,2.7781982,site_3
2014-04-01,62.192,25.861,0.0005836487,1.1457624,0.21029377,277.0735,2.0,0.3166545,0.3248071,0.3345179,0.38238525,2.4368896,2.802002,site_3
2014-05-01,62.192,25.861,0.0030097961,-0.41795158,-0.034127235,282.82153,2.0,0.3228997,0.30659848,0.29366368,0.37535095,2.954834,2.838501,site_3
2014-06-01,62.192,25.861,0.0025119781,-0.30897617,-1.1323404,285.77246,2.0,0.33897173,0.32662266,0.2776581,0.36689758,3.7001953,2.8944092,site_3
2014-07-01,62.192,25.861,0.0026817322,-0.3446722,0.565588,292.35742,2.0,0.30527127,0.29063857,0.25755817,0.3586731,4.0704346,2.9179688,site_3
2014-08-01,62.192,25.861,0.0033454895,0.048955917,1.0249462,289.2068,2.0,0.34172624,0.32847637,0.26257473,0.35029602,3.7753906,2.8983154,site_3
2014-09-01,62.192,25.861,0.0013027191,1.4403076,0.49820518,283.75098,2.0,0.35060686,0.35049665,0.33463717,0.3471527,3.1071777,2.8502197,site_3
2014-10-01,62.192,25.861,0.0014381409,-0.32547855,1.518899,276.73486,2.0,0.37544876,0.3783146,0.36494416,0.34831238,2.7788086,2.8278809,site_3
2014-11-01,62.192,25.861,0.001616478,0.09431362,1.3220987,273.5144,2.0,0.3775493,0.3797562,0.38320714,0.35714722,2.3208008,2.7971191,site_3
2014-12-01,62.192,25.861,0.0017032623,1.2726355,1.7585745,270.3125,2.0,0.3643558,0.3655814,0.37639672,0.36506653,2.1428223,2.784546,site_3
2015-01-01,62.192,25.861,0.0024337769,0.09043503,1.3557339,267.3369,2.0,0.36576802,0.36556906,0.36556798,0.35740662,1.9776611,2.770996,site_3
2015-02-01,62.192,25.861,0.0013475418,1.470047,1.5966673,271.29736,2.0,0.37218326,0.36941737,0.36554778,0.35923767,1.9986572,2.7736816,site_3
2015-03-01,62.192,25.861,0.0015792847,0.47862053,1.8486309,272.9375,2.0,0.39652604,0.39700508,0.39029807,0.36621094,2.0793457,2.7781982,site_3
2015-04-01,62.192,25.861,0.0020217896,1.3084316,-0.67140293,276.66016,2.0,0.40876418,0.40848112,0.41081542,0.3909607,2.4368896,2.802002,site_3
2015-05-01,62.192,25.861,0.0026111603,0.64133835,1.6623306,281.96362,2.0,0.38359082,0.3894679,0.4038893,0.40393066,2.954834,2.838501,site_3
2015-06-01,62.192,25.861,0.0035171509,1.8838215,1.351924,285.615,2.0,0.3603034,0.3566134,0.3608541,0.40092468,3.7001953,2.8944092,site_3
2015-07-01,62.192,25.861,0.0028190613,0.52074814,0.28262424,288.1377,2.0,0.3580966,0.3534779,0.3425932,0.3929596,4.0704346,2.9179688,site_3
2015-08-01,62.192,25.861,0.0017280579,1.2350283,0.3171425,289.03662,2.0,0.31439704,0.32063138,0.31735492,0.3844757,3.7753906,2.8983154,site_3
2015-09-01,62.192,25.861,0.0018501282,0.32504463,0.6535053,284.52417,2.0,0.35653412,0.3524195,0.3118137,0.37615967,3.1071777,2.8502197,site_3
2015-10-01,62.192,25.861,0.00058174133,1.8977251,0.21032047,277.58496,2.0,0.34395427,0.34273434,0.32889438,0.371521,2.7788086,2.8278809,site_3
2015-11-01,62.192,25.861,0.0028858185,0.5764828,1.8124533,276.15332,2.0,0.38344938,0.37872398,0.34961164,0.36846924,2.3208008,2.7971191,site_3
2015-12-01,62.192,25.861,0.0024967194,2.392416,1.3513727,273.479,2.0,0.39362437,0.39764243,0.39469844,0.3768158,2.1428223,2.784546,site_3
2016-01-01,62.192,25.861,0.0015983582,-0.06328583,0.22508144,259.37524,2.0,0.37800622,0.36202687,0.36485243,0.38237,1.9776611,2.770996,site_3
2016-02-01,62.192,25.861,0.0026378632,0.46570396,2.151719,270.7102,2.0,0.38216162,0.38688016,0.36910665,0.3804016,1.9990234,2.7736816,site_3
2016-03-01,62.192,25.861,0.0007324219,0.4599514,0.54788685,271.94165,2.0,0.38641864,0.38668358,0.37581033,0.38002014,2.0794678,2.7781982,site_3
2016-04-01,62.192,25.861,0.0021533966,0.0032625198,0.50313187,276.76587,2.0,0.40518612,0.40770435,0.4091491,0.39187622,2.4368896,2.802002,site_3
2016-05-01,62.192,25.861,0.0010128021,0.047153473,0.46263027,285.87573,2.0,0.3262772,0.33829594,0.3772164,0.40229797,2.954834,2.838501,site_3
2016-06-01,62.192,25.861,0.002532959,0.5424566,-0.05187702,287.5244,2.0,0.30663258,0.30462354,0.31511438,0.39302063,3.7001953,2.8944092,site_3
2016-07-01,62.192,25.861,0.0045223236,1.0644245,0.0880003,289.6853,2.0,0.3724435,0.37200618,0.3421589,0.38328552,4.0704346,2.9179688,site_3
2016-08-01,62.192,25.861,0.0026817322,0.6046438,1.4130316,287.87378,2.0,0.37344736,0.3669644,0.34820908,0.37887573,3.7753906,2.8983154,site_3
2016-09-01,62.192,25.861,0.0015048981,0.78266907,0.0142765045,283.9348,2.0,0.35522985,0.3577469,0.35582322,0.37590027,3.1071777,2.8502197,site_3
2016-10-01,62.192,25.861,0.0008354187,-0.48318577,-0.43860435,276.17725,2.0,0.3515604,0.3533998,0.3461845,0.3734436,2.7788086,2.8278809,site_3
2016-11-01,62.192,25.861,0.0022354126,-0.56586456,0.3548174,270.5537,2.0,0.37727928,0.37669408,0.35894644,0.37147522,2.3208008,2.7971191,site_3
2016-12-01,62.192,25.861,0.0008468628,2.5396185,0.40014267,270.29565,2.0,0.3822168,0.3799522,0.38239455,0.37374878,2.1428223,2.784546,site_3
